ID,eCO2-1,eCO2-2,eCO2-3,eCO2-4,eCO2-5,eCO2-6
PASV1,0.133847122,0.111984901,0.091302296,0.121539792,0.116467443,0.092442592
PASV2,0.025204467,0.038927336,0.068771626,0.037747719,0.031102548,0.029411765
PASV3,0.054852155,0.035860333,0.038455489,0,0.043724442,0.03853413
PASV5,0.038966656,0.033186537,0.032124882,0.042938031,0.039084618,0.028586033
PASV8,0.026423404,0.027917584,0.024496697,0.023749607,0.022805914,0.035034602
PASV9,0.013408304,0.021154451,0.019974835,0.017065115,0.020800566,0.01529569
PASV19,0.028821957,0.017654923,0.025007864,0.021115131,0.020721925,0.03633218
PASV11,0.008650519,0.011481598,0.013604907,0.011992765,0.011127713,0.014351997
PASV16,0.011560239,0.009948097,0.010537905,0.010419943,0.009987417,0.008847122
PASV51,0.012936458,0.018795219,0.02036804,0.016475307,0.0145486,0.012464612
PASV15,0.008965083,0.008453916,0.00868984,0.005740799,0.006684492,0.013919472
PASV17,0.00798207,0.008493237,0.009318968,0.0101447,0.011481598,0.005937402
PASV41,0.012936458,0.014941806,0.012425291,0.011717521,0.013998113,0.01018402
PASV24,0.008650519,0.011560239,0.008965083,0.011167034,0.007038377,0.006959736
PASV25,0.00581944,0.007785467,0.011127713,0.006920415,0.0072743,0.006723813
PASV23,0.005858761,0.003027682,0.005583517,0.007510223,0.00581944,0.007431582
PASV26,0.005740799,0.004010695,0.005898081,0.007352941,0.008650519,0.00511167
PASV28,0.007628185,0.005898081,0.005701478,0.006251966,0.007942749,0.004757785
PASV44,0.005583517,0.005033029,0.004050016,0.003538849,0.00578012,0.002988361
PASV35,0.005308273,0.004482542,0.003814092,0.003381567,0.00436458,0.005268953
PASV54,0.004600503,0,0.006134004,0.006723813,0.005740799,0.003499528
PASV179,0.005426235,0.009201007,0.008375275,0.0101447,0.01093111,0.004993709
PASV45,0.003892734,0.005386914,0.004875747,0.005544196,0.002870399,0.006134004
PASV87,0.004285939,0.004797106,0.003184964,0.013211702,0.003814092,0.009751494
PASV29,0.003420887,0.004285939,0.003774772,0.004246618,0.004285939,0.001887386
PASV36,0.003499528,0.00290972,0.002280591,0.002555835,0.003460208,0.006094684
PASV86,0.006409248,0.00578012,0.005190311,0.006330607,0.006684492,0.005662158
PASV34,0.002831079,0.002870399,0.004875747,0.003853413,0.004639824,0.002870399
PASV50,0.002988361,0.003381567,0.005033029,0.002555835,0.004207298,0.004482542
PASV111,0.003814092,0.003381567,0.005268953,0.005229632,0.003224284,0.004010695
PASV74,0.003027682,0.005937402,0.002713117,0.003892734,0.004010695,0.00361749
PASV100,0.003499528,0.003067002,0.003420887,0.001218937,0.002595156,0.004010695
PASV48,0.002123309,0.001730104,0.003696131,0.00365681,0.003696131,0.001887386
PASV73,0.003106323,0.001533501,0.003302925,0.002555835,0.002437874,0.004915068
PASV43,0.001572822,0.002516515,0.001730104,0.00220195,0.001966027,0.002791758
PASV69,0.003538849,0.002241271,0.00290972,0.002083989,0.003224284,0.004679144
PASV81,0.002555835,0.005701478,0,0.003892734,0.003067002,0.002949041
PASV153,0.006409248,0.003460208,0.004679144,0.004639824,0.003381567,0.009004404
PASV38,0.001966027,0.003499528,0.001926707,0.003932054,0.002044668,0.002359232
PASV80,0.002949041,0.004285939,0.002713117,0.004010695,0.004797106,0.002752438
PASV118,0.005229632,0.004954388,0.006212645,0.005504876,0.003696131,0.005308273
PASV122,0.003302925,0.001376219,0.00216263,0.004167977,0.003145643,0.003106323
PASV99,0.003381567,0.001730104,0.002437874,0.00436458,0.005150991,0.003420887
PASV105,0.002673797,0.002044668,0.003302925,0.001926707,0.002634476,0.005740799
PASV90,0.004050016,0,0.003696131,0,0.004089336,0.003224284
PASV67,0.001769424,0.00290972,0.003853413,0.001848065,0.002870399,0.001533501
PASV57,0.003145643,0.002398553,0.003027682,0.006016043,0.000983014,0.001100975
PASV112,0.002044668,0.002477194,0.00220195,0.001376219,0.001218937,0.003696131
PASV76,0.002437874,0.001297578,0.003027682,0.00220195,0.002831079,0.004679144
PASV64,0.002516515,0.003184964,0.002988361,0.001258257,0.002359232,0.002988361
PASV218,0.004993709,0.003342246,0.003067002,0.005308273,0.004757785,0.002870399
PASV72,0.001572822,0.002123309,0.002949041,0.001966027,0.001179616,0.002280591
PASV102,0.00145486,0.002280591,0.00074709,0.001651463,0.004521862,0.005622837
PASV92,0.002319912,0.00070777,0.002595156,0.003774772,0.002241271,0.002516515
PASV66,0.002005348,0.002005348,0.001651463,0.001415539,0.001336898,0.000825731
PASV88,0.001376219,0.002359232,0.002516515,0.002123309,0.001966027,0.001887386
PASV53,0,0.004167977,0.005308273,0.005426235,0.004718465,0
PASV157,0.003735451,0.005150991,0.003814092,0.00361749,0.002555835,0.003381567
PASV96,0.002516515,0.000904372,0.001572822,0.000943693,0.001533501,0.005937402
PASV75,0.001887386,0.002319912,0.003774772,0.001690783,0.001376219,0.000983014
PASV176,0.001651463,0.002791758,0.002280591,0.002398553,0.002005348,0.001612142
PASV139,0.002123309,0.001848065,0.002673797,0.00145486,0.00220195,0.002988361
PASV252,0.00290972,0.003971375,0.002398553,0.002713117,0.004246618,0.002595156
PASV71,0.000550488,0.001808745,0.00220195,0.002083989,0.002280591,0.001415539
PASV190,0.000943693,0.003499528,0.002319912,0.002831079,0.00290972,0.001730104
PASV374,0.001730104,0.001140296,0.001218937,0.003184964,0.001494181,0.001218937
PASV165,0.003302925,0.003814092,0.004246618,0,0.003892734,0
PASV207,0.002988361,0.001100975,0.001887386,0.002595156,0.002437874,0.002083989
PASV95,0.001494181,0.001769424,0.001651463,0.002241271,0.002595156,0
PASV133,0.002398553,0.002398553,0.001690783,0.002083989,0.003067002,0.001848065
PASV119,0.001690783,0.001612142,0.002634476,0.002437874,0.001769424,0.001100975
PASV151,0.00220195,0.003460208,0.002437874,0.002044668,0.001572822,0.001887386
PASV5568,0.002437874,0,0,0,0,0
PASV115,0.002005348,0.001258257,0.002359232,0.001336898,0.000904372,0.002241271
PASV77,0.001140296,0.00145486,0.001376219,0.001494181,0.001572822,0.001100975
PASV180,0.002083989,0.000471846,0.000983014,0.002123309,0.00145486,0.000943693
PASV132,0.00145486,0.001769424,0.002398553,0.001730104,0.001297578,0.002319912
PASV146,0.001769424,0.001179616,0.001612142,0.002477194,0.001887386,0.001336898
PASV284,0.002516515,0.001022334,0.001140296,0.002044668,0.00220195,0.002044668
PASV94,0.001612142,0.00070777,0.001336898,0.001887386,0.001258257,0.002241271
PASV155,0.001415539,0.001612142,0.000904372,0.001218937,0.00216263,0.001218937
PASV208,0.001651463,0.002870399,0.002005348,0.000983014,0.001730104,0.001100975
PASV120,0.001651463,0.001730104,0.001612142,0.000865052,0.001572822,0.001022334
PASV344,0.001572822,0.001494181,0.001297578,0.002005348,0.002044668,0.002437874
PASV140,0.002831079,0.00216263,0,0.003538849,0.002870399,0.000983014
PASV614,0,0.000825731,0.001297578,0.001258257,0.000511167,0
PASV324,0.001651463,0.002398553,0.002398553,0.003381567,0.003302925,0.001572822
PASV141,0.001808745,0.001533501,0.001690783,0.001769424,0.001926707,0.000629129
PASV2373,0.004443221,0,0,0,0,0.002634476
PASV379,0.00070777,0.003892734,0.003184964,0.00220195,0.003538849,0.001926707
PASV107,0,0,0.003735451,0,0.002949041,0
PASV213,0.000825731,0.001494181,0.001376219,0.00070777,0.000393205,0.003263605
PASV137,0.001494181,0.000786411,0.000983014,0.001218937,0.001808745,0.000825731
PASV189,0.001769424,0.002752438,0.001966027,0.001730104,0.002477194,0.00145486
PASV212,0.001376219,0.001808745,0.001533501,0.001494181,0.001336898,0.001769424
PASV172,0.001769424,0.000825731,0.000904372,0.001297578,0.001258257,0.001100975
PASV117,0.001376219,0.002870399,0.001612142,0.001022334,0,0.001061655
PASV234,0.000786411,0.001218937,0.002044668,0.001218937,0.001769424,0.001297578
PASV125,0.002595156,0.00145486,0.001179616,0.002123309,0.001887386,0.000786411
PASV164,0.001100975,0.001336898,0.002044668,0.001258257,0.00145486,0
PASV163,0.001572822,0.001336898,0.00220195,0.001100975,0.001494181,0.001218937
PASV259,0.001061655,0.002083989,0.002241271,0.000550488,0.001179616,0.002398553
PASV98,0.000629129,0.001140296,0.00220195,0.001415539,0.000825731,0.001061655
PASV311,0.000825731,0,0.001612142,0.00070777,0.000983014,0.002870399
PASV167,0.001730104,0.001336898,0.003027682,0.002280591,0.000904372,0.000943693
PASV437,0.00145486,0.001061655,0.001690783,0.001494181,0.002005348,0.001336898
PASV262,0.001336898,0.001533501,0.000550488,0.002044668,0.001730104,0.001140296
PASV373,0.001651463,0.001690783,0.00074709,0.001572822,0.001297578,0.001179616
PASV124,0.000275244,0.001218937,0.000668449,0.000393205,0.000275244,0.001494181
PASV264,0.001848065,0.001218937,0.002280591,0.00145486,0.000983014,0.000432526
PASV214,0.002359232,0.001258257,0.000943693,0.001966027,0.001926707,0.000983014
PASV299,0.001258257,0.001769424,0.001730104,0.00145486,0.001022334,0.001848065
PASV109,0.001100975,0.001022334,0.001179616,0.001140296,0.001769424,0.000825731
PASV219,0.000314564,0.00145486,0.000904372,0.00145486,0.002949041,0.001140296
PASV270,0.001572822,0.001100975,0.001966027,0.000786411,0.000668449,0.001179616
PASV142,0.001022334,0.000825731,0.000511167,0.000353885,0.001572822,0.001494181
PASV583,0.00145486,0,0,0,0,0.005033029
PASV225,0.000865052,0.001415539,0.001494181,0.001966027,0.001336898,0.00070777
PASV478,0.001336898,0.000865052,0.00074709,0.00074709,0.002673797,0.00074709
PASV230,0.001100975,0.001297578,0.00145486,0.000865052,0.000943693,0.000275244
PASV162,0.000550488,0,0.001769424,0,0,0.001100975
PASV175,0.001140296,0.00074709,0.002123309,0.000314564,0.000314564,0.000943693
PASV386,0.001612142,0.000943693,0.00070777,0.00070777,0.00070777,0.001926707
PASV228,0.000511167,0.001061655,0,0.000668449,0.000393205,0.000589808
PASV223,0.001258257,0.001179616,0,0.002673797,0,0.000786411
PASV2404,0.001572822,0.001808745,0.001730104,0.001769424,0.003145643,0.000825731
PASV320,0.000983014,0.001376219,0.00145486,0.001179616,0.001336898,0.000904372
PASV195,0.000904372,0.000983014,0.001100975,0.001966027,0.000235923,0.001297578
PASV171,0.001022334,0.000943693,0.00074709,0.001100975,0.000550488,0.000511167
PASV3220,0.001966027,0.001926707,0,0.002477194,0,0.002319912
PASV240,0.001218937,0.001730104,0,0,0.001258257,0.000550488
PASV220,0.000471846,0.004050016,0.000786411,0.000589808,0.001376219,0.000511167
PASV226,0.001179616,0.000904372,0.000668449,0.001494181,0.000589808,0.000786411
PASV263,0.000668449,0,0.000865052,0.00074709,0.001376219,0.000629129
PASV297,0.001415539,0.001494181,0.001336898,0.001022334,0.001258257,0.001297578
PASV168,0.000432526,0.000786411,0.000943693,0.001808745,0.000550488,0.000668449
PASV261,0,0,0,0,0,0.002044668
PASV415,0.000904372,0.000943693,0.000511167,0.000904372,0.000393205,0.001769424
PASV1114,0.001140296,0.001376219,0.002005348,0.001061655,0.001612142,0.001887386
PASV210,0.00074709,0.001572822,0.00074709,0.000983014,0.000825731,0.000786411
PASV121,0.001376219,0,0,0.00145486,0,0.001218937
PASV273,0.000393205,0.001100975,0.000668449,0.000432526,0.000235923,0.00070777
PASV239,0.000550488,0.001258257,0.001022334,0.001100975,0.001061655,0
PASV333,0.00074709,0.001494181,0,0.001179616,0.000668449,0.000943693
PASV701,0.000865052,0.001572822,0.001651463,0.002555835,0.001533501,0.000983014
PASV355,0.001100975,0.001494181,0.000983014,0.00074709,0.001061655,0.000550488
PASV475,0.001179616,0.001258257,0.001179616,0.001218937,0.001651463,0.001140296
PASV4085,0,0.002280591,0.002359232,0.003499528,0.000983014,0
PASV498,0.001022334,0.001022334,0.000825731,0.000668449,0.000904372,0.000511167
PASV202,0.000275244,0.00070777,0.000983014,0.000471846,0.000865052,0.000589808
PASV249,0.000235923,0.001218937,0.001218937,0.00145486,0.000314564,0.000471846
PASV152,0,0,0,0,0,0.001730104
PASV314,0.000825731,0.001258257,0.001297578,0.000904372,0.001179616,0.000668449
PASV232,0.00145486,0.000904372,0,0.001533501,0.000629129,0.000393205
PASV643,0.001179616,0.000471846,0,0.002595156,0.000629129,0.002083989
PASV254,0.000668449,0,0.000511167,0.000943693,0.000668449,0.00074709
PASV312,0,0,0,0.00074709,0,0.000865052
PASV209,0,0,0.001415539,0.001022334,0.001061655,0
PASV181,0.000550488,0.001061655,0,0.001336898,0.000865052,0
PASV476,0,0.001887386,0.001061655,0.001218937,0,0.001887386
PASV2429,0,0,0,0,0,0.007431582
PASV376,0.001336898,0,0.000943693,0.002437874,0.000471846,0.000983014
PASV278,0,0,0,0,0.001926707,0.001572822
PASV350,0.000786411,0.000432526,0.000983014,0.000393205,0.000668449,0.000393205
PASV183,0.002398553,0,0,0,0,0.000825731
PASV200,0,0.000432526,0.000943693,0.000589808,0.000668449,0.00074709
PASV399,0.001022334,0.000314564,0,0.001179616,0.000629129,0.000235923
PASV2391,0.000668449,0.001336898,0.000865052,0.000904372,0.001061655,0.000550488
PASV569,0.001140296,0.001926707,0.001415539,0.000943693,0.000825731,0.001100975
PASV358,0.000629129,0.00070777,0.000904372,0,0.000668449,0.001376219
PASV166,0,0.001533501,0.001140296,0.001061655,0,0.000157282
PASV4813,0,0,0,0,0,0.004443221
PASV2387,0.001100975,0,0.000825731,0,0,0.00074709
PASV425,0,0.00074709,0.001376219,0.001769424,0.00145486,0.000943693
PASV158,0.000904372,0.000275244,0.000589808,0.000471846,0.001140296,0.000275244
PASV424,0.000314564,0.00074709,0.001336898,0.001100975,0.000432526,0.000432526
PASV300,0,0.001022334,0,0.000353885,0.00070777,0.001140296
PASV266,0,0.002083989,0,0,0.001100975,0.000668449
PASV363,0.001100975,0.001218937,0,0.000786411,0.000786411,0.000668449
PASV878,0.000865052,0.000511167,0.000589808,0.001140296,0.000314564,0.001022334
PASV332,0.00074709,0.000550488,0.000550488,0.000904372,0.000432526,0.000471846
PASV352,0.000983014,0,0.000943693,0.001808745,0,0
PASV4079,0,0,0.003342246,0,0,0.001572822
PASV506,0.000589808,0.000511167,0.00070777,0.000471846,0.000353885,0.000196603
PASV483,0.000550488,0,0,0,0.000471846,0.001061655
PASV468,0.00070777,0.000432526,0.000904372,0.000235923,0.000432526,0.000353885
PASV438,0.001297578,0,0.001612142,0.000393205,0.001494181,0.001651463
PASV461,0,0.001140296,0.000668449,0.000550488,0.000786411,0.000904372
PASV567,0.000786411,0.000235923,0.000629129,0.001061655,0.000511167,0.000275244
PASV381,0.000275244,0.000235923,0.000786411,0.000393205,0.000353885,0.000393205
PASV283,0.000393205,0.000196603,0.000550488,0.000432526,0.000157282,0.000393205
PASV194,0,0,0,0.001179616,0.001022334,0
PASV591,0.002477194,0,0,0,0.000471846,0
PASV421,0.000550488,0.000432526,0.000432526,0.000393205,0.000471846,0.000589808
PASV549,0.000786411,0.001140296,0,0.000589808,0.000511167,0.000235923
PASV508,0.000393205,0.000157282,0.000393205,0.001100975,0.000589808,0.000275244
PASV349,0.000235923,0.00070777,0.000353885,0.00074709,7.86E-05,0.000904372
PASV408,0.000550488,0.000865052,0,0,0,0.000511167
PASV755,0.000275244,0.000235923,0.000353885,0.000904372,0.00074709,0.00070777
PASV584,0.000550488,0,0.00074709,0.001415539,0.00074709,0.000353885
PASV215,0.000511167,0.000511167,0.000511167,0.000353885,0,0.000235923
PASV335,0.00074709,0.000511167,0,0.001061655,0.000471846,0.000786411
PASV3242,0,0.002516515,0,0,0.002005348,0.000904372
PASV455,0,0.001022334,0,0,0.000550488,0.000275244
PASV306,0.00074709,0,0.001808745,0,0.000589808,0
PASV393,0,0,0,0,0.001966027,0.000471846
PASV568,0.000275244,0.000471846,0.000825731,0.00070777,0.000629129,0
PASV769,0,0.001415539,0,0,0,0
PASV510,0.000471846,0.000629129,0.001061655,0.000550488,0.000314564,0.000629129
PASV235,0.000629129,0,0,0.000786411,0,0
PASV2379,0,0,0,0.000314564,0.000825731,0.001415539
PASV608,0.000432526,0.000432526,0.00074709,0.000157282,0.00074709,0.000196603
PASV539,0.000825731,0.000589808,0.000157282,0.000393205,0.000196603,0.000511167
PASV380,0.000432526,0.00070777,0.000511167,0.000393205,0.000314564,0
PASV685,0,7.86E-05,0,0.00216263,0.000157282,0.000629129
PASV450,0.00070777,0.000393205,0.001022334,0.000904372,0,0.000432526
PASV334,0.000393205,0.000825731,0,0.000511167,0,0.000314564
PASV233,0,0.000589808,0.000275244,0.000275244,0.000393205,0.000471846
PASV378,0.000353885,0.000668449,0.000629129,7.86E-05,0.000117962,0.000511167
PASV505,0.000589808,0.000629129,0.000511167,0.000196603,0.000275244,0.000353885
PASV366,0.000629129,0.000589808,0,0,0.000786411,0.000432526
PASV4078,0,0,0,0,0.001258257,0.001179616
PASV631,0.000904372,0.00074709,0.000668449,0.00074709,0.000786411,0.000865052
PASV348,0,0.000393205,0.000550488,0.000275244,0.000314564,0.000314564
PASV493,0,0.000157282,0,0,0.001022334,0.000235923
PASV808,0.000314564,0.000314564,0.000393205,7.86E-05,0.000275244,0.00220195
PASV522,0.000471846,0.000943693,0.000275244,0.000117962,0.000589808,0.000511167
PASV527,0.00074709,0.000393205,0.000668449,0.000786411,0,0
PASV440,0,0.002044668,0,0,0,0
PASV834,0,0.001336898,0,0,0,0
PASV718,0.001336898,0.000235923,7.86E-05,0.000511167,0.000353885,0
PASV369,0.000550488,0.000668449,0.000235923,0.000275244,0.000511167,0.000275244
PASV594,0.001100975,0,0.000353885,0,0.000511167,0.000471846
PASV456,0,0.000471846,0.000589808,0.00070777,0.000196603,0.000157282
PASV295,0.000983014,0.000235923,0,0.000432526,3.93E-05,0.000275244
PASV866,0.000353885,7.86E-05,0.000668449,0.000511167,0.000471846,0.000353885
PASV610,0.000235923,0.000353885,0,0.00070777,0.000275244,0.000275244
PASV711,0.000432526,0.000550488,0.000235923,0.000786411,0.000393205,7.86E-05
PASV341,0.000786411,0.001140296,0,0,0.000196603,0
PASV548,0,0.000353885,0.000353885,0.000314564,0.000157282,0.000471846
PASV609,0.000629129,0,0.000432526,0.000471846,0.00074709,0.000353885
PASV2384,0,0,0,0.001022334,0.000511167,0
PASV882,0.000235923,0,0.000235923,0.000629129,0.001022334,0.000117962
PASV5560,0.00070777,0.001336898,0,0,0.001140296,0
PASV383,0,0,0.001808745,0,0,0.000471846
PASV595,0.000393205,0.000904372,0.000393205,0.000353885,0.000471846,3.93E-05
PASV442,0.00070777,0,0.001100975,0,0.000471846,0
PASV533,0,0,0.000943693,0,0.001494181,0.000629129
PASV556,0.000235923,0.000432526,0.000275244,0,0.00074709,0.000196603
PASV1025,0.000196603,0,0.000432526,0.000471846,0.000196603,0.000393205
PASV343,0.001061655,0.000904372,0,0,0,0
PASV2419,0.000196603,0,0,0.000157282,0,0.000983014
PASV716,0,0,0.000117962,0.001297578,0,0
PASV679,0.000550488,0.00070777,0.000275244,0.000314564,0.000511167,0.000589808
PASV600,0,0,0.000668449,0.000117962,0,0.000353885
PASV274,0,0,0,0.000511167,0.000511167,0
PASV429,0.000904372,0.000393205,0.000432526,0.000157282,0.001022334,0
PASV536,0,0,0.000589808,0,0.001494181,0.000511167
PASV803,0,0.000393205,0,0.000196603,0.000235923,0.000550488
PASV4817,0,0.00216263,0,0,0,0.00216263
PASV1236,0.001022334,0,0,0.000668449,0.000786411,0.000314564
PASV675,0.001179616,0,0,0.001140296,0.000786411,0.00074709
PASV3213,0.003067002,0,0,0,0,0
PASV3250,0,0.001258257,0.00074709,0.000904372,0.000589808,0
PASV757,0.000668449,0.000275244,0.000511167,0,0.000629129,0.000393205
PASV906,0,0.000353885,0.000314564,0.001061655,0.000235923,0.000275244
PASV439,0,0,0,0.000629129,0.00074709,0
PASV815,0.000393205,0.000275244,0,0,0.00070777,0.000511167
PASV558,0.000157282,0.000275244,0.000550488,0.000865052,0.000196603,0.000235923
PASV434,0.000550488,0.000904372,0,0,0.000235923,0.000235923
PASV532,0.000393205,0.000511167,0,0,0.001140296,0.000393205
PASV2434,0.000589808,0.000393205,0.000314564,0.000157282,0.000825731,0.000511167
PASV943,0.000157282,0.000235923,0.000196603,0.000629129,0.000471846,0
PASV364,0,0.000432526,0,0.000550488,0.000393205,0
PASV384,0.000117962,0.000589808,0,0.000314564,0.000196603,0.000157282
PASV721,0.00070777,0.000353885,0,0.000825731,0.00074709,0
PASV488,0,0.000314564,0,0.000432526,0,0.000629129
PASV4814,0,0.000157282,0,0,0,0.003302925
PASV543,0,0,0,0.001061655,0,0
PASV2756,0,0,0,0.000117962,0.002831079,0
PASV337,0,0,0.001258257,0,0.00070777,0
PASV921,0.000511167,0,0.000393205,0,0.000589808,0.000668449
PASV589,0.000943693,0,0,0,0,0.000786411
PASV405,0,0.00070777,0,0,0.000393205,0
PASV813,0.000511167,0.000275244,0.000589808,0,0.000393205,0
PASV565,7.86E-05,0.00074709,0.000196603,0.000511167,0,0.000275244
PASV781,0.000393205,0.00070777,0.000629129,0,0.000550488,0.000393205
PASV530,0.000589808,0.000471846,0,0,7.86E-05,0.000589808
PASV391,0,0.000235923,0.000235923,0.000196603,0,0.000432526
PASV427,0.000393205,0.000157282,0,0.000353885,0,0.000786411
PASV3223,0.00074709,0.000393205,0,0,0,0.000786411
PASV339,0.001100975,0,0,0,0.000668449,0
PASV2395,0.000589808,0.000235923,0,0.00070777,0,0
PASV644,0.000196603,0.000157282,0.000353885,0.000275244,0.000196603,0.000157282
PASV457,0,0.000550488,0,0.000157282,0.000550488,3.93E-05
PASV8750,0,0.001022334,0,0.002241271,0,0
PASV612,0.000275244,0.000393205,0.000353885,0,0,0
PASV4815,0,0,0,0,0,0.00216263
PASV669,0,0,0,0.001572822,0,0.000314564
PASV607,0.000275244,0.000353885,0,0.000393205,0.000117962,0.000314564
PASV697,0.000235923,0.000629129,0.000196603,7.86E-05,0.000393205,7.86E-05
PASV6370,0.000353885,0,0,0,0.002595156,0
PASV597,0,0,0,0,0.000825731,0.000511167
PASV4821,0,0.000511167,0,0,0,0.000983014
PASV4199,0,0,0.000471846,0,0,0.001572822
PASV2428,0.000275244,0,0,0,0.000589808,0.000589808
PASV518,0.000157282,0.000432526,0.000393205,0,7.86E-05,0.000275244
PASV653,0.000629129,0.000668449,0,0,0.000511167,0.000393205
PASV2432,0.000353885,0,0,0.000157282,0.000865052,0
PASV3237,0,0,0,0,0,0.001730104
PASV4093,0.001258257,0,0,0.000865052,0,0
PASV8748,0,0.003263605,0,0,0,0
PASV3258,0.000589808,0,0.000471846,0,0.000550488,0.000786411
PASV997,0,0,0.000432526,0.000353885,0,0.000393205
PASV516,0,0,0,0,0,0.001218937
PASV570,0.000393205,0.000235923,0.000275244,0.000629129,0,0
PASV935,0.000314564,0.000353885,0.000943693,0,0.000511167,0.000314564
PASV801,0,0.000511167,0,0.00070777,0,0
PASV1503,0,0.000314564,0.000432526,0.000275244,0.000235923,0
PASV636,0.000117962,0.000117962,0.000196603,0.000471846,0.000235923,0.000314564
PASV733,0,0,3.93E-05,0.000314564,0.000117962,0.000943693
PASV724,0.000353885,0,0.000275244,0.000275244,0.000314564,0.000196603
PASV1305,0.000314564,0.001966027,0,0,0.000196603,0
PASV909,0.000629129,0,0,0.000314564,0.000589808,0.000432526
PASV4909,0.000786411,0.000275244,0.000432526,0.00070777,0.000353885,0.000353885
PASV7043,0.000314564,0.001572822,0,0.000825731,0,0
PASV791,0.000314564,0.000825731,0,0,0,0
PASV2390,0,0,0.001218937,0,0,0
PASV6371,0,0,0,0,0.002083989,0
PASV771,0,0,0,0,0,0.001022334
PASV4822,0,0.000157282,0,0,0,0.000983014
PASV2406,0,0,0,0.001218937,0,0.000471846
PASV728,0,0.000471846,0,0.000511167,0,0.00070777
PASV409,0.000196603,0.000904372,0,0,0,0
PASV7513,0,0.001140296,0.001376219,0,0,0
PASV4141,0.000393205,0,0,0.000825731,0,0.000629129
PASV2503,0,0.00145486,0,0,0,0.00070777
PASV4835,0,0.000314564,0,0,0,0.000786411
PASV3295,0,0.000589808,0,0.000983014,0.000353885,0
PASV1423,0.000511167,0,0,0,0.000314564,0.000668449
PASV713,0.000353885,0,0.000196603,0.000157282,0.000314564,0
PASV2780,0.000550488,0.000314564,0,0.000432526,0.00070777,0
PASV541,0,0,0.000904372,0,0.000353885,0
PASV758,0,0,0,0,0.000432526,0.000629129
PASV2418,0,0.000432526,0.000825731,0,0,0
PASV4105,0,0,0,0,0.000393205,0.000825731
PASV2465,0.000393205,0,0,0.000196603,0.000353885,0.000157282
PASV2528,0,0,0.000353885,0.000353885,0.000314564,0
PASV6383,0,0.001494181,0,0,0.000511167,0
PASV832,0,0,0.000275244,0,0.000314564,0.00070777
PASV1047,0.000314564,0.000275244,0.000393205,0.000471846,0,0
PASV4081,0,0.00074709,0,0.000353885,0,0
PASV3298,0,0.000786411,0,0.000865052,0,0
PASV606,0.000825731,0,0,7.86E-05,0,0.000117962
PASV4825,0,0,0,0,0.000668449,0.000786411
PASV2239,0.000157282,0,0,0.001100975,3.93E-05,0
PASV760,0,0.000196603,0.000235923,0,0.000275244,0.000432526
PASV5594,0,0.001297578,0,0,0,0
PASV1091,0.000353885,0.000314564,0,0,0,0.000471846
PASV6372,0,0,0,0,0.001415539,0
PASV2515,0.000629129,0,0,0.000235923,0,0.000393205
PASV826,0,0.000471846,0,0.000196603,0.000235923,0.000353885
PASV2637,0,0.000432526,0,0.001336898,0,0
PASV3468,0.000314564,0.000275244,0,0.000275244,0.000157282,0.000157282
PASV931,0.000314564,0.000196603,0.000157282,0.000235923,0.000275244,0
PASV6375,0.000117962,0,0.000668449,0,0.000865052,0
PASV2424,0.00070777,0,0.000471846,0,0,0
PASV1434,0,0.000235923,0.000589808,0.000196603,0.000589808,0
PASV7512,0,0,0.001848065,0,0,0
PASV9261,0,0,0,0.001572822,0,0
PASV3302,0,0,0,0.000235923,0.000393205,0.000393205
PASV3256,0,0,0.000550488,0,0.000511167,0
PASV4883,0,0.00074709,0,0,0.000196603,0.000235923
PASV3515,0.000393205,0,0.000275244,0.000275244,0.000157282,0
PASV4837,0,0,0.000314564,0,0.000353885,0.00070777
PASV4840,0.000983014,0,0,0,0,0.000668449
PASV8769,0,0.000393205,0,0.001179616,0,0
PASV1977,0,0,0.000275244,0.000511167,0.000471846,0.000117962
PASV8749,0,0.001415539,0,0,0,0
PASV6376,0,0.000393205,0,0,0.000786411,0
PASV2175,0.000629129,7.86E-05,0,0.000235923,0.000157282,0.000117962
PASV2733,0,0,0,0,7.86E-05,0.001297578
PASV8074,0.000668449,0,0,0.000825731,0,0
PASV8062,0.001612142,0,0,0,0,0
PASV7054,0.00070777,0.000550488,0,0,0,0
PASV3402,0,0,0,0.001061655,0,0
PASV7514,0,0,0.001061655,0,0,0
PASV4838,0,0,0.000511167,0,0,0.000668449
PASV1595,0.000196603,0.000511167,0,0.000314564,0,0
PASV9262,0,0,0,0.001179616,0,0
PASV4818,0,0,0,0,0,0.001179616
PASV7521,0,0.000629129,0.00070777,0,0,0
PASV9263,0,0,0,0.001022334,0,0
PASV7519,0.000353885,0,0.000983014,0,0,0
PASV4860,0,0,0,0,0.000589808,0.000432526
PASV7515,0,0,0.001179616,0,0,0
PASV8773,0,0.000471846,0,0.00070777,0,0
PASV8751,0,0.001061655,0,0,0,0
PASV7516,0,0,0.001061655,0,0,0
PASV8065,0.001140296,0,0,0,0,0
PASV8067,0.001140296,0,0,0,0,0
PASV8066,0.001140296,0,0,0,0,0
PASV8754,0,0.001100975,0,0,0,0
PASV4824,0,0,0,0,0,0.001022334
PASV8068,0.001179616,0,0,0,0,0
PASV7561,0,0.000157282,0.000353885,0.000550488,0,0
PASV8069,0.001022334,0,0,0,0,0
PASV9265,0,0,0,0.001022334,0,0
ASV1046,0,0,0,0.000859476,0.000572984,0
ASV3648,0,0,0,0,0,0.001862197
ASV901,0.001575705,0.001862197,0.000859476,0.001862197,0.001289214,0
ASV28,0.011173184,0.01733276,0.016759777,0.009310987,0.016186793,0.008881249
ASV2614,0.001145968,0,0,0.003008165,0,0
ASV4281,0,0,0,0,0.001002722,0
ASV2687,0.00071623,0,0.000429738,0,0,0
ASV1601,0,0.000286492,0.001002722,0.00071623,0.000572984,0
ASV87,0.002148689,0.003151411,0.001002722,0.002578427,0.002864919,0.002005443
ASV148,0,0,0,0.000572984,0.002435181,0.002721673
ASV4001,0,0,0.001289214,0,0,0
ASV130,0.002148689,0.002578427,0.003151411,0.003437903,0.001862197,0.004440625
ASV1130,0,0,0.001289214,0.002005443,0,0
ASV2927,0,0,0,0.001862197,0,0
ASV1455,0,0.001002722,0,0.000572984,0.002291935,0
ASV621,0,0.003008165,0,0.000572984,0.00071623,0.001002722
ASV4016,0,0,0.00143246,0,0,0
ASV373,0.009310987,0.000143246,0,0,0.001145968,0.001718951
ASV1041,0,0,0.003581149,0,0,0
ASV1447,0,0.001862197,0,0,0,0
ASV1383,0,0.002578427,0,0.001862197,0.003151411,0
ASV163,0.002864919,0,0,0,0,0.003008165
ASV125,0.001289214,0.001289214,0.000572984,0.001575705,0.002864919,0.007162298
ASV2999,0,0,0,0.001002722,0,0
ASV2591,0.00143246,0,0,0.001289214,0,0
ASV146,0.003151411,0.002291935,0,0.001002722,0.001862197,0.002864919
ASV2903,0,0,0,0.005873084,0,0
ASV3937,0,0,0.004010887,0,0.001145968,0
ASV2555,0.00673256,0,0,0,0,0
ASV1016,0.001718951,0.001718951,0,0,0,0
ASV2046,0,0,0.001002722,0,0,0
ASV2596,0.001145968,0,0,0,0,0
ASV1456,0,0.000572984,0,0.000572984,0,0
ASV860,0.002435181,0,0,0,0,0
ASV1480,0,0.000859476,0,0,0.001145968,0
ASV2952,0,0,0,0.001575705,0,0
ASV175,0.005013608,0.003581149,0.003724395,0.004870362,0.002005443,0.002578427
ASV4017,0,0,0.000859476,0,0.000429738,0
ASV1440,0,0.001289214,0,0,0,0
ASV1441,0,0.00143246,0,0,0,0
ASV2620,0.00143246,0,0,0,0,0
ASV2934,0,0,0.001575705,0.002005443,0,0
ASV4245,0,0,0,0,0.002435181,0
ASV1820,0.002864919,0,0,0,0,0
ASV483,0,0,0.000572984,0.001002722,0,0
ASV1466,0,0.001289214,0,0,0.000572984,0
ASV115,0.002435181,0.004010887,0.004154133,0.004010887,0.006446068,0.003437903
ASV166,0,0.002005443,0,0,0.000572984,0
ASV161,0.003581149,0,0.005586592,0.002148689,0,0.003008165
ASV1424,0,0.002005443,0,0,0,0
ASV2925,0,0,0,0.002291935,0,0
ASV559,0.001002722,0,0,0,0,0
ASV1460,0,0.00143246,0,0,0,0.00143246
ASV222,0,0.003151411,0,0,0.001289214,0
ASV321,0.001289214,0.001289214,0.00071623,0,0,0.005156854
ASV120,0.003294657,0.003581149,0,0.007162298,0.004010887,0.006446068
ASV2643,0.001145968,0,0,0,0,0
ASV1516,0,0.001145968,0,0,0,0
ASV879,0,0,0.002721673,0.001002722,0.001862197,0
ASV566,0,0.001289214,0,0,0,0
ASV2946,0,0,0,0.001145968,0,0
ASV61,0,0,0.013894857,0,0,0.008451511
ASV2566,0.003724395,0,0,0,0,0
ASV706,0,0.001718951,0.000143246,0.00143246,0,0
ASV1408,0,0.001862197,0,0,0,0
ASV3630,0,0,0,0,0,0.003151411
ASV3955,0,0,0.002148689,0,0,0
ASV393,0,0,0,0,0.001718951,0
ASV3265,0,0,0.003867641,0,0,0.000859476
ASV1407,0,0.001862197,0.001575705,0,0,0
ASV66,0.005873084,0.005013608,0.008451511,0.004010887,0.006302822,0.004583871
ASV3951,0,0,0.002005443,0,0,0
ASV3627,0,0,0,0,0,0.004154133
ASV1293,0,0.001289214,0,0,0.000143246,0
ASV228,0.003151411,0.002435181,0.001575705,0.004154133,0.003008165,0.002291935
ASV1461,0,0.001002722,0.000572984,0.000286492,0.001002722,0
ASV2996,0,0,0,0.001289214,0,0.000859476
ASV2959,0,0,0,0.00143246,0,0
ASV1660,0.000429738,0.000286492,0,0.000859476,0,0
ASV124,0.00601633,0.004583871,0.003151411,0,0.007592036,0.002291935
ASV2354,0.00071623,0,0.000286492,0,0,0
ASV1476,0,0.001289214,0,0,0,0.000429738
ASV2345,0,0,0,0,0.00143246,0
ASV3965,0,0,0.001002722,0,0,0
ASV1411,0,0.002148689,0,0,0,0
ASV541,0.00143246,0,0,0,0,0
ASV1967,0,0,0.000572984,0.001862197,0.000572984,0
ASV3967,0,0,0.00143246,0,0,0
ASV2592,0.001145968,0,0,0,0,0
ASV3933,0,0,0.005013608,0,0,0
ASV4283,0,0,0,0,0.001002722,0
ASV2341,0.001718951,0,0,0.000572984,0,0
ASV944,0.001145968,0.000143246,0.00071623,0.002148689,0.000572984,0.000859476
ASV1982,0,0,0.000859476,0,0,0.000286492
ASV1412,0,0.002435181,0,0,0,0
ASV475,0,0,0.00071623,0,0.000429738,0
ASV147,0.0053001,0,0,0,0,0
ASV1919,0,0,0.001002722,0,0,0
ASV925,0,0.00143246,0,0,0,0
ASV2552,0.010313709,0,0,0,0,0
ASV3952,0,0,0.002148689,0,0,0
ASV2922,0,0,0,0.003008165,0,0
ASV2938,0,0,0,0.001862197,0.002148689,0
ASV371,0,0.002291935,0.000286492,0.000429738,0.000859476,0
ASV207,0.002435181,0.001002722,0.00143246,0.002148689,0.002148689,0.003437903
ASV266,0,0.001718951,0.002435181,0.002864919,0,0
ASV224,0.003437903,0.00673256,0.008451511,0.024351812,0.009024495,0.01131643
ASV1507,0,0.001002722,0,0,0,0
ASV234,0,0.001289214,0.001145968,0,0,0
ASV69,0.002721673,0.003581149,0.002291935,0.003008165,0.007878527,0.002578427
ASV838,0.008451511,0.006875806,0.008451511,0.013751612,0.008738003,0.011173184
ASV1870,0,0,0,0,0,0.004583871
ASV3626,0,0,0,0,0,0.003724395
ASV181,0.00143246,0.000859476,0,0.001575705,0.002435181,0.003724395
ASV2616,0.00143246,0,0,0,0,0
ASV3669,0,0,0,0,0,0.001575705
ASV987,0,0.000286492,0,0,0.000859476,0
ASV837,0,0.005586592,0,0,0.012319152,0
ASV3077,0,0,0,0.000429738,0.001145968,0
ASV239,0.002291935,0.001289214,0.005013608,0.002148689,0.001289214,0.00071623
ASV117,0.003581149,0,0.00143246,0.001862197,0,0.003581149
ASV1846,0,0,0.001718951,0,0,0
ASV4238,0,0,0,0,0.00601633,0
ASV3956,0,0,0.001575705,0,0,0
ASV3487,0,0,0.001002722,0,0,0
ASV3645,0,0,0,0,0,0.002148689
ASV918,0,0,0.001862197,0,0,0
ASV2944,0,0,0,0.00143246,0,0
ASV2598,0.001145968,0,0,0,0,0
ASV345,0,0,0,0.000143246,0.005443346,0.001145968
ASV2630,0.001002722,0,0,0,0.002148689,0
ASV341,0.001002722,0.001002722,0,0,0,0.000143246
ASV319,0,0,0,0.000572984,0,0.001145968
ASV264,0,0,0.001718951,0,0,0
ASV8,0.012605644,0.016759777,0.020197679,0.012175906,0.019338204,0.014897579
ASV29,0.031227618,0.01203266,0.007592036,0.006589314,0.005729838,0.003867641
ASV4023,0,0,0.001002722,0,0,0
ASV4297,0,0,0,0,0.001002722,0
ASV1035,0.001718951,0,0.002148689,0.000143246,0.001002722,0.00143246
ASV612,0.001575705,0,0.000429738,0,0.002291935,0
ASV430,0,0,0,0.000429738,0,0.00071623
ASV1697,0.00143246,0,0,0.001862197,0.000429738,0
ASV947,0.000859476,0.000286492,0,0,0,0
ASV211,0.002148689,0.001002722,0.008881249,0,0.00143246,0.002291935
ASV1366,0,0.005443346,0,0,0,0
ASV2979,0,0,0,0.001002722,0,0
ASV2929,0,0,0,0.002435181,0,0
ASV2633,0.001145968,0,0.00143246,0,0,0.000286492
ASV1365,0.002864919,0.004870362,0,0,0,0.00071623
ASV1446,0.00071623,0.000859476,0,0,0,0
ASV589,0.001002722,0,0,0,0,0.000572984
ASV3619,0,0,0,0,0,0.007592036
ASV2622,0.001002722,0,0,0,0,0
ASV2584,0.001289214,0,0,0,0,0
ASV1388,0,0.003294657,0,0,0,0
ASV1847,0.000859476,0,0,0.001289214,0,0.001145968
ASV1462,0,0.001002722,0,0,0.001145968,0
ASV995,0,0,0.002005443,0,0,0
ASV4008,0,0,0.001002722,0,0,0
ASV2461,0,0,0,0.001145968,0,0
ASV3989,0,0,0.001145968,0,0,0
ASV1398,0.00143246,0.002721673,0,0,0.00143246,0.001002722
ASV250,0,0,0,0,0,0.001002722
ASV932,0,0,0,0,0.000429738,0.001289214
ASV2939,0,0,0,0.001718951,0,0
ASV980,0.001575705,0.00071623,0.001289214,0.003581149,0.000572984,0.001862197
ASV2565,0.003724395,0,0,0,0.001575705,0
ASV4248,0,0,0,0,0.002291935,0
ASV1018,0.000143246,0,0,0,0.000572984,0.002291935
ASV3686,0,0,0,0,0,0.001002722
ASV3703,0,0,0.001002722,0,0,0.000572984
ASV3980,0,0,0.001002722,0,0.000859476,0
ASV1364,0,0.004727116,0,0,0,0
ASV4268,0,0,0,0,0.001575705,0
ASV2611,0.001002722,0,0,0,0,0
ASV277,0.004727116,0.002578427,0.007019052,0.001289214,0.004583871,0.003437903
ASV1082,0.000572984,0,0.000429738,0.001145968,0.001002722,0
ASV129,0.002148689,0.005443346,0.002435181,0.006875806,0.009167741,0.004727116
ASV2990,0,0,0,0.001145968,0,0
ASV1399,0.000859476,0.002721673,0,0.00071623,0,0.000859476
ASV174,0,0,0,0,0,0.00143246
ASV2575,0.002291935,0,0,0.001002722,0,0.002435181
ASV1429,0,0.001718951,0,0,0,0
ASV314,0,0.002435181,0,0,0.000429738,0.001575705
ASV1937,0,0,0.00143246,0,0,0
ASV3621,0,0,0,0,0,0.006159576
ASV171,0,0.002005443,0,0.003008165,0,0.003724395
ASV1459,0,0.001002722,0.00071623,0,0,0
ASV4261,0,0,0,0,0.001002722,0
ASV854,0,0,0.003151411,0.002578427,0,0.001862197
ASV3971,0,0,0.001145968,0,0,0
ASV65,0.013035382,0.010313709,0.005586592,0.016473285,0.011746168,0.005013608
ASV2590,0.001289214,0,0,0,0,0
ASV4,0.023778828,0.016473285,0.019911188,0.028362699,0.031370864,0.043403524
ASV27,0.010600201,0.013608366,0.011459676,0.00673256,0.009454233,0.005156854
ASV3624,0,0,0,0,0,0.002721673
ASV1646,0,0.000286492,0.001002722,0,0,0
ASV262,0.003724395,0.000859476,0.000572984,0.002435181,0.002291935,0.002864919
ASV384,0,0.000859476,0.000859476,0.001002722,0,0.000429738
ASV158,0.002435181,0,0.002291935,0.002005443,0.001289214,0.010170463
ASV1414,0.00071623,0.002864919,0,0,0.00143246,0
ASV836,0.003008165,0.002864919,0.003581149,0.01131643,0.001145968,0
ASV1091,0,0.000429738,0,0,0,0.00071623
ASV2962,0,0,0,0.001289214,0,0
ASV3643,0,0,0,0,0,0.001862197
ASV38,0.012319152,0.027359977,0.017762498,0.007305544,0.008451511,0.006589314
ASV3974,0,0,0.001145968,0,0,0
ASV3656,0,0,0,0,0,0.001575705
ASV448,0,0,0,0,0,0.001575705
ASV4246,0,0,0,0,0.002435181,0
ASV1128,0.00071623,0,0.000143246,0,0.00071623,0
ASV1925,0,0,0,0,0.001575705,0.000859476
ASV1262,0,0,0,0.000286492,0.000859476,0.000429738
ASV3945,0,0,0.002148689,0,0,0
ASV3642,0,0,0,0,0,0.001575705
ASV2579,0.001718951,0,0.002721673,0,0,0
ASV1390,0,0.003294657,0,0,0.001145968,0
ASV4010,0,0,0.000859476,0,0.00071623,0
ASV58,0.00673256,0.004297379,0.008451511,0,0.005729838,0
ASV618,0.000859476,0.00143246,0.00071623,0.00744879,0.000429738,0.00071623
ASV3946,0,0,0.001718951,0,0,0
ASV4282,0,0,0,0,0.001145968,0
ASV2010,0,0,0,0.000572984,0.000572984,0
ASV2053,0.001289214,0,0,0,0,0
ASV2915,0,0,0,0.003437903,0,0
ASV2597,0.001289214,0,0,0,0,0
ASV4266,0,0,0,0,0.001575705,0
ASV3975,0,0,0.001002722,0,0,0
ASV3625,0,0,0,0,0,0.004010887
ASV3935,0,0,0.004583871,0,0,0
ASV1372,0,0.003151411,0,0,0,0.00071623
ASV162,0,0.006875806,0.006446068,0.002435181,0.004870362,0
ASV105,0.005586592,0.007305544,0.008594757,0.006159576,0.006875806,0.004010887
ASV170,0,0.002148689,0.004297379,0.006875806,0.003867641,0.010743446
ASV1393,0,0.003437903,0,0,0,0.001575705
ASV2574,0.002291935,0,0,0,0,0
ASV176,0.002148689,0.001145968,0.003008165,0.00673256,0.003724395,0.007592036
ASV3710,0,0,0,0,0.001002722,0.000572984
ASV1405,0,0.002864919,0,0,0,0
ASV461,0,0,0,0,0,0.002005443
ASV874,0.004297379,0,0.002435181,0.001862197,0.001145968,0
ASV183,0.002005443,0.004010887,0.004727116,0,0.002864919,0.012605644
ASV2969,0,0,0,0.001002722,0,0
ASV2926,0,0,0,0.002435181,0,0
ASV898,0,0,0.001862197,0,0.001002722,0
ASV123,0.002721673,0,0.005443346,0.001289214,0,0.005873084
ASV3639,0,0,0,0,0,0.002435181
ASV2998,0,0,0,0.001002722,0,0
ASV284,0.003151411,0.002005443,0.000429738,0.000859476,0.000572984,0.002291935
ASV1467,0,0.001002722,0,0,0.00071623,0
ASV834,0,0,0,0.00601633,0,0.014038103
ASV53,0.010313709,0.004297379,0.00744879,0.014754333,0.008165019,0.015184071
ASV121,0.00601633,0.005586592,0.004727116,0.003151411,0.003724395,0.00673256
ASV2931,0,0,0,0.002578427,0,0
ASV2945,0,0,0,0.001862197,0,0
ASV549,0,0,0,0.001289214,0,0
ASV2626,0.001289214,0,0,0,0,0
ASV3954,0,0,0.001575705,0,0,0
ASV3027,0,0,0,0.001002722,0,0
ASV1141,0.003581149,0.000572984,0,0,0.000286492,0
ASV2932,0,0,0,0.002005443,0,0
ASV4262,0,0,0,0,0.001002722,0
ASV939,0.000286492,0.001002722,0.000143246,0.000859476,0.001289214,0.001862197
ASV1439,0,0.00143246,0,0,0,0
ASV136,0.00601633,0.001289214,0.003724395,0.004870362,0.003581149,0.002578427
ASV1389,0.009454233,0.003151411,0.006302822,0,0.010313709,0
ASV948,0.002005443,0.004440625,0,0.001575705,0.001862197,0.004870362
ASV1203,0,0,0,0.00071623,0.001145968,0
ASV2613,0.001002722,0,0,0,0,0
ASV2693,0.001002722,0,0,0,0,0
ASV561,0,0,0,0.001718951,0,0
ASV4019,0,0,0.001002722,0,0,0
ASV890,0,0,0,0,0.00071623,0.001575705
ASV2593,0.002291935,0,0,0.00071623,0,0
ASV142,0,0.004010887,0.002721673,0.002864919,0.002435181,0.003008165
ASV3990,0,0,0.001002722,0,0,0
ASV1482,0,0.000859476,0,0.000286492,0,0
ASV1449,0,0.001289214,0,0,0.001145968,0
ASV1475,0.000286492,0.00071623,0,0,0,0
ASV407,0,0,0,0,0,0.001145968
ASV3640,0,0,0,0,0,0.002291935
ASV286,0,0,0.001145968,0,0.001575705,0.002148689
ASV1201,0,0,0.00143246,0.001145968,0,0
ASV1543,0,0.00071623,0,0,0,0.00071623
ASV2057,0,0,0,0.003581149,0,0
ASV3932,0,0,0.004583871,0,0,0
ASV1593,0,0.000429738,0,0.00071623,0,0
ASV296,0.00143246,0,0,0,0.000572984,0
ASV278,0.004583871,0.001718951,0.004297379,0.002435181,0.002864919,0
ASV3982,0,0,0.001575705,0,0,0
ASV369,0,0,0,0,0.002005443,0
ASV852,0,0.012175906,0.011459676,0.00673256,0.007305544,0
ASV2581,0.002864919,0,0,0,0,0
ASV424,0,0.000859476,0,0,0.002435181,0
ASV118,0,0.000286492,0.000572984,0,0.001575705,0.002721673
ASV1879,0,0,0,0,0.00143246,0
ASV1471,0,0.000859476,0,0.001002722,0,0
ASV43,0.008881249,0.003437903,0.009883971,0.001862197,0.00673256,0.006302822
ASV60,0.00601633,0,0.002864919,0.006875806,0.005729838,0.001718951
ASV3283,0,0,0,0,0.001575705,0.002148689
ASV841,0,0.00143246,0,0,0,0
ASV2585,0.001718951,0,0,0.004010887,0,0
ASV184,0.002005443,0,0.002578427,0.001718951,0.001718951,0.002435181
ASV3944,0,0,0.002578427,0,0,0
ASV4247,0,0,0,0,0.002148689,0
ASV3646,0,0,0,0,0,0.001145968
ASV1437,0,0.001289214,0,0,0,0
ASV383,0,0.001002722,0,0,0,0
ASV1093,0,0.000143246,0,0,0.001862197,0
ASV3942,0,0,0.002435181,0,0,0
ASV3680,0,0,0,0,0,0.001145968
ASV267,0,0.002578427,0.002291935,0.001862197,0.001145968,0.001289214
ASV2607,0.001145968,0,0.004440625,0,0.002005443,0.001002722
ASV2980,0,0,0,0.001289214,0,0
ASV39,0.003008165,0,0,0,0,0
ASV3999,0,0,0.00143246,0,0,0
ASV86,0.003581149,0.004870362,0.005443346,0.006446068,0.003867641,0.015613809
ASV225,0.001575705,0,0.002148689,0.002291935,0.003008165,0
ASV3987,0,0,0.001002722,0,0,0
ASV73,0.005156854,0.008738003,0.012462398,0.00673256,0.011173184,0.005156854
ASV1478,0,0.000572984,0,0,0,0.002291935
ASV1474,0,0.001145968,0,0,0,0
ASV2599,0.00143246,0,0,0,0.000859476,0
ASV899,0.000286492,0,0,0.001145968,0,0
ASV3661,0,0,0,0,0,0.001289214
ASV78,0,0,0.002148689,0.008738003,0.004154133,0
ASV2967,0,0,0.001862197,0.00143246,0,0
ASV7,0.026357255,0.026500501,0.036957456,0.021486893,0.022776107,0.013035382
ASV2595,0.001575705,0,0,0,0,0
ASV3803,0,0,0,0,0.001862197,0.000286492
ASV1845,0,0,0.001575705,0,0,0
ASV10,0.027216731,0.044549491,0.042544048,0.014467841,0.033806045,0.02334909
ASV56,0.008881249,0.006875806,0.006159576,0.006159576,0.008594757,0.050565822
ASV3652,0,0,0,0,0,0.002291935
ASV23,0.009883971,0.01203266,0.012605644,0.011459676,0.013751612,0.009024495
ASV4258,0,0,0,0,0.00143246,0
ASV3953,0,0,0.001718951,0,0,0
ASV2257,0.003437903,0,0,0,0.003008165,0
ASV3013,0,0,0,0.001002722,0,0
ASV2651,0.000572984,0,0,0.000572984,0,0
ASV4257,0,0,0,0,0.00143246,0
ASV1930,0,0,0,0,0.001002722,0.001289214
ASV3632,0,0,0,0,0,0.002721673
ASV3649,0,0,0,0,0,0.00143246
ASV11,0.028362699,0.010313709,0.014611087,0.02406532,0.015900301,0.031084372
ASV137,0.008308265,0.001862197,0.004154133,0.003008165,0.005729838,0.006302822
ASV864,0,0.001289214,0,0,0,0
ASV152,0,0.003581149,0.003437903,0.002578427,0.003581149,0.001575705
ASV1523,0,0.001002722,0,0,0,0
ASV2600,0.00143246,0,0,0,0,0
ASV2386,0.00143246,0,0,0,0,0
ASV1530,0.00071623,0.00071623,0,0,0,0.000429738
ASV2802,0.000286492,0,0,0,0.00071623,0
ASV2273,0,0,0,0,0.002148689,0
ASV48,0,0.003581149,0.004870362,0.007305544,0.004010887,0.002578427
ASV921,0.003151411,0,0.003151411,0.003294657,0,0
ASV389,0,0,0,0,0.001145968,0
ASV2961,0,0,0,0.001145968,0,0
ASV221,0,0,0.00071623,0.000286492,0.000143246,0
ASV298,0.002148689,0.002005443,0.001862197,0.00071623,0.001718951,0.001862197
ASV1489,0.001002722,0.000429738,0,0.000572984,0.001718951,0
ASV1498,0,0.001002722,0,0,0,0
ASV3644,0,0,0,0,0,0.002721673
ASV4249,0,0,0,0,0.002005443,0
ASV360,0.000286492,0.002005443,0.000429738,0,0,0
ASV455,0.002864919,0,0.00071623,0,0,0.002435181
ASV3972,0,0,0.00143246,0,0,0
ASV2563,0.003008165,0,0,0,0,0
ASV3949,0,0,0.002005443,0,0,0
ASV320,0,0.002291935,0.002005443,0.00143246,0.001718951,0.000859476
ASV2906,0,0,0,0.004154133,0,0.002864919
ASV365,0,0.001575705,0,0,0,0
ASV1031,0,0,0,0.001002722,0,0.002435181
ASV3998,0,0,0.001145968,0,0,0
ASV4324,0,0,0,0,0.001002722,0
ASV2943,0,0,0,0.00143246,0,0
ASV2968,0,0,0,0.001002722,0,0
ASV1378,0,0.003151411,0,0,0,0
ASV2627,0.001145968,0,0,0,0,0
ASV1819,0,0,0.003724395,0,0,0
ASV96,0.008308265,0.004440625,0.003294657,0.006302822,0.005156854,0.002578427
ASV54,0.007019052,0.005586592,0.007019052,0.008021773,0.018621974,0.002005443
ASV188,0.004297379,0.016473285,0.007305544,0.01948145,0.003437903,0.007735281
ASV3,0.086090818,0.068614812,0.0601633,0.07964475,0.057728119,0.083082653
ASV1463,0,0.000572984,0,0,0,0.000572984
ASV388,0.002864919,0.00071623,0,0.002291935,0.000429738,0.001575705
ASV1445,0.001002722,0.001289214,0.000143246,0.00143246,0.001002722,0
ASV4240,0,0,0,0,0.004440625,0
ASV363,0.002578427,0.003008165,0.002005443,0.003437903,0.003151411,0.001718951
ASV1854,0.00071623,0,0.000143246,0.000859476,0,0
ASV1448,0,0.00143246,0,0,0,0
ASV2966,0,0,0,0.001145968,0,0
ASV72,0,0.006589314,0.007592036,0.005156854,0.004583871,0
ASV2910,0,0,0,0.004010887,0.007019052,0
ASV2993,0,0,0,0.001002722,0,0
ASV25,0.00601633,0.012892136,0.015757055,0.007162298,0.006302822,0.004870362
ASV1404,0,0.002721673,0.001289214,0.001862197,0.001718951,0
ASV2982,0,0,0,0.001002722,0,0
ASV1392,0,0.003294657,0,0,0.002864919,0.004870362
ASV3973,0,0,0.001718951,0,0,0
ASV3700,0,0,0,0,0,0.001002722
ASV2309,0,0,0,0,0.003294657,0
ASV2609,0.001002722,0,0,0,0.002148689,0
ASV3121,0,0,0.000572984,0.000429738,0,0
ASV1371,0,0.002005443,0,0,0.001862197,0.00143246
ASV1917,0.00071623,0,0.002005443,0,0,0.000286492
ASV960,0,0,0.001718951,0,0,0
ASV3298,0,0,0,0,0,0.001718951
ASV3969,0,0,0.001575705,0,0,0
ASV2953,0,0,0,0.00143246,0,0.002005443
ASV3257,0,0,0,0,0.004010887,0
ASV1422,0,0.001718951,0,0,0,0
ASV350,0.00143246,0.002005443,0.001145968,0,0,0.00071623
ASV2635,0.001002722,0,0.001289214,0,0,0
ASV1452,0,0.001289214,0,0,0.00143246,0
ASV3376,0,0,0.001289214,0,0,0
ASV2672,0.000572984,0,0.00143246,0,0.001575705,0
ASV149,0.003151411,0.004010887,0,0,0.002435181,0.002721673
ASV3690,0,0,0,0,0,0.001002722
ASV4243,0,0,0,0,0.003437903,0
ASV2650,0.001002722,0,0,0,0,0
ASV59,0.013035382,0.009454233,0.009597479,0.008738003,0.009883971,0.007162298
ASV50,0.010313709,0.009024495,0.003581149,0.011602922,0.005013608,0.009454233
ASV1438,0,0.001002722,0,0.000143246,0,0
ASV2589,0.001718951,0,0.000859476,0,0,0.000859476
ASV997,0,0.001002722,0,0,0.000429738,0
ASV1413,0,0.002148689,0,0,0,0
ASV1421,0,0.002291935,0.001862197,0,0,0
ASV1711,0,0.000429738,0,0,0.000859476,0
ASV2550,0.011029938,0,0.002578427,0,0,0
ASV3633,0,0,0.00143246,0,0,0.002578427
ASV276,0,0.000859476,0,0.002005443,0.001718951,0.002005443
ASV1432,0,0.001718951,0,0,0,0
ASV2259,0,0,0.00673256,0,0.004154133,0
ASV937,0,0.000859476,0,0,0,0.000286492
ASV1867,0,0,0.003867641,0,0,0
ASV2948,0,0,0,0.001718951,0.000143246,0
ASV253,0.002148689,0.002005443,0.002864919,0.001718951,0.003437903,0.002435181
ASV895,0,0,0,0.002864919,0,0
ASV1370,0,0.004727116,0,0,0,0
ASV2271,0,0,0,0,0.001289214,0
ASV361,0,0.000143246,0,0,0.001002722,0.000429738
ASV2950,0,0,0,0.001862197,0,0
ASV3655,0,0,0,0,0,0.001002722
ASV3678,0,0,0,0,0,0.001575705
ASV2370,0.000429738,0,0.001862197,0,0,0.00071623
ASV405,0,0.001002722,0.000859476,0.000429738,0.000572984,0
ASV342,0.001145968,0,0.000572984,0,0.002721673,0
ASV3985,0,0,0.001145968,0,0,0
ASV1430,0,0.001145968,0,0,0,0
ASV1369,0,0.004440625,0,0,0.001862197,0.007305544
ASV2648,0.001289214,0,0,0.000859476,0,0
ASV3993,0,0,0.001145968,0,0,0
ASV243,0,0.003581149,0.002578427,0.0053001,0.007305544,0.003151411
ASV2776,0.000286492,0,0,0.00143246,0,0
ASV1055,0,0.001145968,0,0,0,0
ASV3673,0,0,0,0,0,0.001002722
ASV280,0,0.000572984,0.001862197,0,0,0
ASV1842,0,0,0.003724395,0,0,0
ASV1881,0,0,0.001862197,0,0,0
ASV441,0.00143246,0.003581149,0,0.001575705,0.000859476,0
ASV2266,0,0,0,0,0,0.002721673
ASV2629,0.001002722,0,0,0.001002722,0,0
ASV1155,0,0,0,0,0.001289214,0
ASV438,0.001575705,0.000572984,0.001718951,0.000286492,0.001002722,0.00071623
ASV1535,0.000572984,0.000859476,0,0.001145968,0.001002722,0
ASV1851,0,0,0.000572984,0,0,0.001002722
ASV32,0.013751612,0.006446068,0.007878527,0.012605644,0.008165019,0.020770663
ASV156,0.001575705,0.006589314,0.004727116,0.0053001,0.004154133,0.005873084
ASV2977,0,0,0,0.001002722,0,0
ASV131,0.002148689,0.003151411,0.004154133,0.003867641,0.001575705,0.003581149
ASV238,0.001862197,0,0.002005443,0,0,0
ASV3622,0,0,0,0,0,0.004727116
ASV2649,0.001002722,0,0,0,0,0
ASV1508,0,0.00071623,0,0.000859476,0,0
ASV2976,0,0,0.000572984,0.001289214,0,0
ASV4328,0,0,0,0,0.001145968,0
ASV1869,0,0,0,0,0.001718951,0
ASV336,0,0.001145968,0.001575705,0.001575705,0.000429738,0.002291935
ASV3689,0,0,0,0,0,0.00143246
ASV3683,0,0,0,0,0,0.001145968
ASV2562,0.004727116,0,0,0,0.003724395,0.005729838
ASV1428,0.000286492,0.001862197,0,0,0.00071623,0
ASV1104,0.007305544,0.002005443,0,0,0,0
ASV3963,0,0,0.00143246,0,0,0
ASV2557,0.005156854,0,0,0,0.004727116,0
ASV1014,0.000286492,0.003724395,0.002148689,0.004154133,0.001575705,0.002005443
ASV236,0,0,0,0,0.001289214,0
ASV3629,0,0,0,0,0,0.003008165
ASV36,0.010027217,0.027932961,0.010456955,0.008451511,0.007878527,0.007735281
ASV509,0,0,0.000859476,0.000572984,0,0.000286492
ASV4062,0,0,0.000572984,0,0.000429738,0
ASV403,0.001575705,0.00071623,0,0,0,0.000429738
ASV471,0,0,0.000286492,0.00071623,0,0
ASV1470,0,0.001002722,0,0,0,0
ASV1387,0,0.003151411,0,0,0,0
ASV212,0,0.008021773,0,0,0,0
ASV1379,0,0.003151411,0,0,0,0
ASV154,0.001718951,0.001002722,0.002291935,0.001862197,0.001718951,0.000859476
ASV1395,0.007162298,0.002435181,0.002578427,0.00071623,0.003294657,0
ASV4251,0,0,0,0,0.001145968,0
ASV884,0.002435181,0,0.003867641,0,0,0
ASV47,0.005156854,0,0,0.004010887,0,0
ASV4244,0,0,0,0,0.002721673,0
ASV76,0.004297379,0.00744879,0.005586592,0.004154133,0.002435181,0.003437903
ASV999,0,0,0.002864919,0.001002722,0,0
ASV220,0,0.001002722,0.002864919,0.002005443,0,0.001145968
ASV1575,0,0.000429738,0.000143246,0,0.001002722,0.000572984
ASV4269,0,0,0,0,0.001862197,0
ASV1502,0,0.00143246,0,0,0,0
ASV310,0,0.002148689,0.000572984,0.002291935,0.000572984,0.001002722
ASV329,0.00071623,0.001145968,0,0,0,0
ASV3637,0,0,0,0,0,0.002578427
ASV1193,0.000429738,0,0.000859476,0,0,0
ASV1402,0,0.001862197,0,0,0.002291935,0
ASV911,0.002864919,0.002578427,0,0,0.008451511,0
ASV1367,0,0.003437903,0.004727116,0.002864919,0.003294657,0
ASV2567,0.003437903,0,0,0,0,0
ASV3940,0,0,0.002864919,0,0,0
ASV3983,0,0,0.001002722,0,0,0
ASV101,0.005443346,0.002864919,0.002148689,0.002435181,0.003724395,0.00071623
ASV4252,0,0,0,0,0.002148689,0
ASV2963,0,0,0,0.001718951,0,0
ASV3395,0,0,0.001145968,0,0,0
ASV133,0.009454233,0.004727116,0.0053001,0.013894857,0.013894857,0
ASV936,0,0,0,0.002721673,0,0
ASV3947,0,0,0.001575705,0,0,0
ASV281,0,0,0,0,0.001002722,0
ASV4237,0,0,0,0,0.00673256,0
ASV2282,0,0,0.001002722,0.003867641,0.001718951,0
ASV1504,0,0.001002722,0,0,0,0
ASV3694,0,0,0,0,0,0.001145968
ASV3701,0,0,0,0,0,0.001002722
ASV4255,0,0,0,0,0.001718951,0
ASV1396,0,0.002148689,0,0,0,0
ASV1450,0,0.001002722,0,0,0,0
ASV1410,0,0.002005443,0,0,0,0
ASV943,0,0.001289214,0.003294657,0,0,0
ASV1416,0,0.00143246,0.000572984,0.00071623,0,0
ASV226,0,0,0,0.002864919,0,0.001145968
ASV1840,0,0,0,0,0,0.002005443
ASV2352,0,0,0,0.002005443,0,0
ASV3641,0,0,0,0,0,0.002005443
ASV110,0.002148689,0.006589314,0.005443346,0.005156854,0.007735281,0.003008165
ASV2297,0.003151411,0,0.00143246,0,0,0
ASV2911,0,0,0,0.003581149,0,0
ASV505,0.002005443,0.000572984,0.002291935,0.002005443,0.00143246,0
ASV3254,0,0,0,0,0.002291935,0
ASV3730,0,0,0,0,0.000859476,0.00071623
ASV1394,0,0.002291935,0.000859476,0,0,0
ASV372,0,0.000572984,0,0,0.000286492,0.000143246
ASV119,0,0.002148689,0.002005443,0.001862197,0.005156854,0.002864919
ASV3636,0,0,0,0,0,0.002291935
ASV2608,0.001575705,0,0,0,0,0
ASV2632,0.001002722,0,0,0,0,0
ASV631,0,0,0,0.000286492,0.000859476,0.000429738
ASV1409,0,0.002148689,0,0,0,0
ASV2974,0,0,0.000286492,0.00071623,0,0
ASV52,0.003151411,0.003581149,0.006446068,0.006875806,0.005729838,0.011029938
ASV3073,0,0,0.000429738,0.00071623,0,0
ASV173,0.002864919,0.00071623,0.002435181,0.001862197,0.001289214,0.006302822
ASV3002,0,0,0,0.001145968,0,0
ASV2279,0,0,0.001145968,0,0,0.003294657
ASV1028,0.001862197,0.001145968,0,0,0,0
ASV354,0,0,0.00071623,0,0,0.000286492
ASV2924,0,0,0,0.002291935,0,0
ASV452,0.000859476,0,0,0.001862197,0,0.000286492
ASV2930,0,0,0,0.001145968,0,0.001575705
ASV416,0.00071623,0.000143246,0.000859476,0.000572984,0.000143246,0.00071623
ASV40,0.007162298,0.005156854,0.004727116,0.010743446,0.006589314,0.007735281
ASV1856,0.001145968,0,0.001289214,0.003724395,0,0
ASV474,0.001289214,0.000286492,0,0,0,0
ASV16,0.013608366,0.010027217,0.008165019,0.012605644,0.01203266,0.009740725
ASV2646,0.001002722,0,0,0,0.000859476,0
ASV2904,0,0,0,0.007162298,0,0
ASV2,0,0.004870362,0,0.005013608,0,0
ASV2940,0,0,0,0.001862197,0,0
ASV839,0,0,0,0,0,0.004440625
ASV1572,0,0.000572984,0,0,0,0.002148689
ASV2918,0,0,0,0.002291935,0,0
ASV1458,0,0.001289214,0,0,0,0
ASV2617,0.000572984,0,0.001289214,0,0.000429738,0
s__VTX00444,0.006768074,0.014322338,0.02293625,0.008237908,0.0049906,0.109759016
s__VTX00435,0.000752008,0,0,0.000170911,0,0.000376004
s__VTX00350,0.000341822,0,0,0.002085114,0,0
s__VTX00308,0.535361477,0.461801401,0.12449154,0.702854213,0.344009571,0.231550162
s__VTX00238,0.0024953,0.010733208,0.00030764,0.00420441,0.004512049,0.011621945
s__VTX00063,0,0,0.803657494,0,0,0
s__VTX00051,0.001230559,0.025910101,0.000273458,0.002256025,0.000273458,0.00030764
s__VTX00009,0,0,0,0.001367288,0,0
s__VTX00008,0.032062895,0.010425568,0,0,0.000170911,0
s__VTX00005,0.416304905,0.465390532,0.046214322,0.274927363,0.640334985,0.635276021
BN1,0.08,0.14,0.06,0.04,0.11,0.08
BN3,0.2,0.23,0.31,0.26,0.3,0.3
BN4,0.14,0.12,0.06,0.04,0.06,0.11
BN5,0.15,0.2,0.24,0.28,0.14,0.17
BN6,0.04,0.02,0.02,0.04,0.06,0.02
BN7,0.06,0.06,0.04,0.02,0,0.08
BN9,0.03,0.01,0.03,0.07,0.04,0.04
BN10,0.06,0.01,0.02,0,0.03,0.02
BN11,0.06,0,0.04,0.02,0.05,0.02
FN2,0.04,0.08,0.08,0.12,0.09,0.11
FN3,0.48,0.58,0.52,0.46,0.55,0.55
FN4,0,0.08,0.12,0.08,0.05,0.06
FN5,0.2,0.06,0.14,0.16,0.16,0.17
FN6,0.2,0.16,0.06,0.12,0.12,0.08
