,aCO2-1,aCO2-2,aCO2-3,aCO2-4,aCO2-5,aCO2-6
PASV1,0.116113558,0.112771312,0.119534445,0.10101447,0.101604278,0.117057251
PASV2,0.056267694,0.037433155,0.047341931,0.036568103,0.069204152,0.040146272
PASV3,0.045218622,0.044235609,0.053947782,0.041837056,0.044786096,0.0493866
PASV5,0.036804026,0.040854042,0.037983643,0.031141869,0.038337528,0.039123938
PASV8,0.022845234,0.033383139,0.027170494,0.032439446,0.025597672,0.026777288
PASV9,0.020879207,0.02178358,0.019188424,0.018559295,0.017654923,0.02036804
PASV19,0.009790815,0.019699591,0.009554891,0.00507235,0.00652721,0.010695187
PASV13,0.015924819,0.01093111,0.017851526,0.010813149,0.013644228,0.010655867
PASV11,0.01962095,0.010695187,0.011756842,0.013211702,0.01234665,0.014116074
PASV20,0.009083045,0.007746147,0.008296634,0.011442277,0.0072743,0.007352941
PASV30,0.00656653,0.009240327,0.009672853,0.005544196,0.007077697,0.010380623
PASV16,0.010459264,0.010105379,0.012739855,0.008217993,0.010026738,0.01234665
PASV51,0.004089336,0.004482542,0.006999056,0.005504876,0.007903429,0.003184964
PASV15,0.011402957,0.009161686,0.007628185,0.013447625,0.009279648,0.009083045
PASV17,0.010655867,0.008532557,0.008335955,0.010577226,0.009869456,0.009279648
PASV18,0.009161686,0.011245675,0.010105379,0.008493237,0.009790815,0
PASV41,0.005150991,0.00436458,0.003302925,0.004285939,0.002241271,0.00436458
PASV24,0.00868984,0.005347594,0.006134004,0.007903429,0.00436458,0.00578012
PASV25,0.007431582,0.005465555,0.00802139,0.005347594,0.004010695,0.008139352
PASV23,0.008768481,0.004679144,0.005898081,0.006723813,0.003932054,0.007195659
PASV26,0.007352941,0.006212645,0.004993709,0.006330607,0.005622837,0.005347594
PASV28,0.00652721,0.006251966,0.00581944,0.005740799,0.004639824,0.004797106
PASV42,0.005308273,0.005622837,0.005190311,0.006920415,0.004128657,0.005308273
PASV44,0.004010695,0.006802454,0.006448569,0.004797106,0.006409248,0.006684492
PASV35,0.005504876,0.004797106,0.004403901,0.007549544,0.00507235,0.00511167
PASV54,0.00365681,0.006134004,0.00511167,0.004836427,0.00656653,0.006212645
PASV179,0.001376219,0.002398553,0.001926707,0.002477194,0.001572822,0.001533501
PASV78,0.002673797,0.003067002,0.002555835,0.002123309,0.001769424,0.002241271
PASV45,0.004443221,0.005701478,0.00507235,0.004836427,0.00436458,0.00507235
PASV87,0.002241271,0.00220195,0.003774772,0.003460208,0.002713117,0.002988361
PASV29,0.006763133,0.004521862,0.003853413,0.003145643,0.004285939,0.006605851
PASV56,0.003892734,0.00511167,0.003971375,0.00511167,0.006684492,0.004954388
PASV36,0.005465555,0.004836427,0.007706826,0.006251966,0.003420887,0.003774772
PASV86,0.002477194,0.004089336,0.00290972,0.002516515,0.00220195,0.002437874
PASV93,0.00220195,0.004954388,0.003578169,0.007746147,0.00652721,0.006448569
PASV34,0.00581944,0.003853413,0.003696131,0.00365681,0.002634476,0.00436458
PASV50,0.004285939,0.003184964,0.00652721,0.004521862,0.003302925,0.003499528
PASV111,0.002083989,0.005386914,0.005544196,0.004757785,0.002437874,0.004639824
PASV58,0.003263605,0.003342246,0.003892734,0.004757785,0.002988361,0.004128657
PASV74,0.002791758,0.00220195,0.003774772,0.00361749,0.004915068,0.003892734
PASV52,0.004207298,0.003696131,0.004128657,0.004718465,0.004010695,0.002673797
PASV100,0.002123309,0.00432526,0.010734508,0.004285939,0.001887386,0.00290972
PASV48,0.004757785,0.004167977,0.003420887,0.003971375,0.003342246,0.004639824
PASV73,0.002516515,0.007785467,0.00290972,0.002752438,0.006134004,0.003145643
PASV43,0.004993709,0.003892734,0.00581944,0.003853413,0.00432526,0.00436458
PASV69,0.002752438,0.006134004,0.001926707,0.004993709,0.003735451,0.004285939
PASV81,0.002437874,0.004836427,0.003027682,0.004443221,0.004797106,0.004050016
PASV153,0.001572822,0.003027682,0.001494181,0.001179616,0.000825731,0.002359232
PASV38,0.005976722,0.003578169,0.003538849,0.001887386,0.002398553,0.004167977
PASV80,0.002319912,0.002713117,0.003814092,0.003578169,0.003578169,0.002398553
PASV118,0.002083989,0.001140296,0.001494181,0.001179616,0.002083989,0.001218937
PASV122,0.001926707,0.003302925,0.002791758,0.003184964,0.00507235,0.007077697
PASV59,0.003538849,0.004993709,0.002988361,0.003696131,0.002949041,0.002870399
PASV99,0.002280591,0.003853413,0.004089336,0.002791758,0.003027682,0.00216263
PASV105,0.001808745,0.002831079,0.002949041,0.005465555,0.004285939,0.001926707
PASV60,0.003460208,0.003971375,0.002634476,0.002123309,0.003420887,0.005033029
PASV90,0.002713117,0.00507235,0.004561183,0,0.003263605,0.00507235
PASV47,0.004521862,0.002319912,0.002437874,0.003067002,0.00361749,0.003145643
PASV67,0.002988361,0.002791758,0.002634476,0.004050016,0.005033029,0.00216263
PASV57,0.003263605,0.002870399,0.002083989,0.003184964,0.002595156,0.002949041
PASV112,0.001651463,0.005386914,0.00290972,0.005426235,0.003184964,0.003460208
PASV76,0.002634476,0.00290972,0.001848065,0.003342246,0.002673797,0.002516515
PASV64,0.003027682,0.003145643,0.002280591,0.003302925,0.00220195,0.002752438
PASV218,0.001376219,0.001022334,0.001533501,0.001572822,0.00070777,0.003342246
PASV72,0.003145643,0.002516515,0.003263605,0.003342246,0.003342246,0.003145643
PASV102,0.002516515,0.001808745,0.001926707,0.003696131,0.002359232,0.002280591
PASV92,0.002477194,0.003735451,0.002595156,0.001297578,0.001415539,0.004639824
PASV66,0.003067002,0.002477194,0.00365681,0.004207298,0.002988361,0.002319912
PASV88,0.003027682,0.003578169,0.002949041,0.00290972,0.002123309,0.002988361
PASV53,0.00361749,0,0,0,0.002673797,0
PASV157,0.001179616,0.001061655,0.001140296,0.000865052,0.000983014,0.001179616
PASV96,0.002044668,0.001690783,0.001612142,0.003224284,0.003067002,0.00220195
PASV170,0.001258257,0.001651463,0.002241271,0.002673797,0.002988361,0.002123309
PASV75,0.003106323,0.00220195,0.002477194,0.002634476,0.001769424,0.002319912
PASV135,0.001808745,0.001179616,0.001612142,0.002280591,0.000983014,0.000865052
PASV176,0.001022334,0.003067002,0.001926707,0.00220195,0.003342246,0.002123309
PASV139,0.002123309,0.002791758,0.001966027,0.003696131,0.003145643,0
PASV252,0.00070777,0.001258257,0.001769424,0.000511167,0.002123309,0.00145486
PASV71,0.002949041,0.002437874,0.001415539,0.002634476,0.001690783,0.001966027
PASV149,0.001336898,0.002005348,0.001730104,0.003460208,0.00220195,0.002005348
PASV190,0.001376219,0.001730104,0.001179616,0.001690783,0.001297578,0.000865052
PASV374,0.000471846,0.003067002,0.000943693,0.000904372,0.002673797,0.006684492
PASV165,0.001572822,0,0.003814092,0.001572822,0,0
PASV207,0.001100975,0.00074709,0.001769424,0.002673797,0.001140296,0.002083989
PASV95,0.002555835,0.002359232,0.001612142,0.001533501,0.001376219,0.001769424
PASV133,0.001966027,0.001258257,0.002359232,0,0.001061655,0.001140296
PASV119,0.002044668,0.001376219,0.001258257,0.002949041,0.001533501,0.001848065
PASV151,0.001533501,0.001415539,0.001061655,0.002280591,0.001494181,0.001533501
PASV5568,0,0,0,0.022255426,0.001022334,0
PASV115,0.00220195,0.001848065,0.001690783,0.002949041,0.001533501,0.001848065
PASV77,0.002713117,0.003106323,0,0.001612142,0.001533501,0.003027682
PASV180,0.001494181,0.004482542,0.002752438,0.001140296,0.002319912,0.002831079
PASV132,0.002123309,0.001297578,0.001218937,0.001651463,0.002044668,0.002241271
PASV146,0.001376219,0.001533501,0.001848065,0.00145486,0.002319912,0.002005348
PASV284,0.001140296,0.001808745,0.002241271,0.001572822,0.002083989,0.001808745
PASV94,0.002437874,0.001966027,0.001061655,0.001297578,0.001218937,0.001769424
PASV155,0.001258257,0.002988361,0.002870399,0.001769424,0.00145486,0.001572822
PASV208,0.001179616,0.001808745,0.001494181,0.000786411,0.001966027,0.003224284
PASV120,0.001730104,0.001258257,0.002319912,0.000904372,0.002044668,0.002359232
PASV344,0.000786411,0.001533501,0.001730104,0.003067002,0.001572822,0.001140296
PASV136,0.001612142,0.000904372,0.001415539,0.002280591,0.001572822,0.001966027
PASV140,0.001651463,0.001690783,0,0.00216263,0,0.001848065
PASV614,0.000432526,0.001258257,0.001612142,0.006841774,0,0.00802139
PASV324,0.000825731,0.001100975,0,0.001218937,0.00074709,0.001612142
PASV141,0.001336898,0.001258257,0.001572822,0.001533501,0.001887386,0.002123309
PASV2373,0,0.003460208,0.003932054,0.004050016,0,0.003814092
PASV127,0.002005348,0.002044668,0.002123309,0.001494181,0.000786411,0.002044668
PASV379,0.000471846,0.000825731,0.000589808,0.000786411,0.001022334,0.000393205
PASV107,0.002083989,0.002398553,0,0,0.005740799,0
PASV237,0.001297578,0.003538849,0.001297578,0,0,0
PASV213,0.001179616,0.001376219,0.001022334,0.00361749,0.002634476,0.001297578
PASV137,0.001769424,0.002713117,0.001533501,0.001926707,0.001533501,0.001651463
PASV143,0.001769424,0.00070777,0.002241271,0.001533501,0.00220195,0.001926707
PASV189,0.001179616,0.001848065,0,0.001533501,0.001179616,0
PASV212,0.001415539,0.000668449,0.001494181,0.001769424,0.001494181,0.001887386
PASV172,0.001415539,0.001769424,0.001808745,0.001966027,0.001297578,0.002123309
PASV117,0.001887386,0.001218937,0.001179616,0,0.002634476,0.002083989
PASV234,0.001336898,0.001218937,0.001376219,0.002241271,0.00145486,0.003224284
PASV125,0.001690783,0.00145486,0,0.000943693,0.001100975,0.001572822
PASV164,0.001218937,0.003814092,0.001730104,0.001494181,0.002044668,0
PASV163,0.00145486,0.001769424,0.00145486,0.001179616,0.001022334,0.001376219
PASV259,0.001140296,0.002555835,0.001966027,0,0,0.00290972
PASV98,0.002083989,0.000786411,0.001533501,0.001690783,0.002005348,0
PASV311,0.000786411,0.003067002,0.000589808,0.002123309,0.002359232,0.001336898
PASV167,0.001730104,0.001651463,0,0.000786411,0.001258257,0.001376219
PASV222,0.001022334,0.000629129,0.002280591,0.001022334,0.001336898,0.001218937
PASV437,0.000511167,0.001533501,0.001297578,0.001258257,0.001887386,0.00220195
PASV346,0.00070777,0.001808745,0.00220195,0.001808745,0,0.001258257
PASV262,0.001022334,0.001966027,0.001140296,0.001651463,0.001808745,0.000550488
PASV373,0.00074709,0.001100975,0.001297578,0.001336898,0.001336898,0.002595156
PASV124,0.001612142,0.000943693,0.001336898,0.00290972,0.001533501,0.000904372
PASV174,0.001572822,0.001848065,0.001690783,0.000629129,0.000353885,0.001218937
PASV91,0.003224284,0.000550488,0.001336898,0.000983014,0.00074709,0.000393205
PASV264,0.001297578,0.001415539,0.001336898,0.00070777,0.001022334,0.001848065
PASV214,0.001297578,0.000668449,0.00074709,0.001533501,0.00070777,0
PASV299,0.00070777,0.000983014,0.000983014,0.001218937,0,0.001651463
PASV109,0.001926707,0.002280591,0,0,0,0.001179616
PASV318,0.000943693,0.002752438,0.001494181,0,0.001376219,0.001297578
PASV219,0.001179616,0.001336898,0.001100975,0.000511167,0.000393205,0.000983014
PASV270,0.00070777,0.001690783,0.00074709,0.000629129,0.00220195,0.00074709
PASV142,0.001730104,0.000786411,0.001415539,0.000943693,0.000668449,0.001218937
PASV583,0.000314564,0.000393205,0,0.005622837,0.002673797,0
PASV225,0.001140296,0.002083989,0.000550488,0.000825731,0.000668449,0.000589808
PASV401,0.000550488,0.001415539,0.001612142,0.001061655,0.00070777,0.00216263
PASV478,0.000471846,0,0.004010695,0,0.000904372,0.001612142
PASV230,0.000904372,0.000825731,0.001494181,0.00220195,0.001022334,0.000983014
PASV162,0.00145486,0.001808745,0.001415539,0.002005348,0.001651463,0.001336898
PASV175,0.00145486,0.00074709,0.001100975,0.00145486,0.00074709,0.001690783
PASV386,0.000668449,0.001140296,0.002555835,0.00216263,0,0.001022334
PASV154,0.001651463,0.001022334,0.001179616,0.001572822,0.000904372,0.001022334
PASV290,0.000943693,0.001848065,0.001376219,0.000983014,0.001100975,0.000983014
PASV228,0.001218937,0.00432526,0.001022334,0.001572822,0.000668449,0.000904372
PASV223,0.000983014,0.000904372,0.00070777,0.001258257,0.001376219,0.001336898
PASV2404,0,0.000668449,0,0,0.00074709,0
PASV320,0.000865052,0.001100975,0.000314564,0.000865052,0.000629129,0.001533501
PASV195,0.001022334,0.000629129,0.000786411,0.001100975,0.000629129,0.000943693
PASV246,0.000904372,0.001376219,0.000865052,0.000511167,0.001533501,0.001179616
PASV171,0.001179616,0.000943693,0.001179616,0.000589808,0.001415539,0.00145486
PASV3220,0,0,0.001808745,0.001690783,0,0.001336898
PASV240,0.00145486,0.000786411,0.001966027,0.000943693,0,0.001730104
PASV220,0.000943693,0.001966027,0.000904372,0.000511167,0,0
PASV3230,0,0,0.001100975,0.002044668,0.002516515,0.001022334
PASV519,0.000511167,0.001336898,0.000943693,0.000511167,0.00070777,0.001140296
PASV226,0.001022334,0.000825731,0.00070777,0.000668449,0.001494181,0.001494181
PASV263,0.000904372,0.00070777,0.001415539,0.001258257,0.001297578,0.001218937
PASV297,0.000904372,0.000668449,0.000550488,0.00074709,0.000196603,0.000904372
PASV168,0.001612142,0.000865052,0.000432526,0.001179616,0.000589808,0.001297578
PASV261,0.000943693,0,0.001179616,0.002949041,0.002241271,0.002437874
PASV415,0.000471846,0.000432526,0.000196603,0.002398553,0.001730104,0.00070777
PASV1114,0.000157282,0.000432526,0.000471846,0.000943693,0.000314564,0.00070777
PASV210,0.000511167,0.000353885,0.001022334,0.000865052,0.000393205,0.000825731
PASV121,0.002005348,0.001140296,0.001730104,0.001336898,0,0
PASV242,0.000983014,0.000943693,0.001258257,0.001494181,0,0.00070777
PASV188,0.001022334,0.001376219,0.000865052,0.000983014,0.000825731,0.001297578
PASV302,0.000786411,0.001061655,0.001022334,0.000471846,0.001100975,0.001730104
PASV273,0.000943693,0.001730104,0.000904372,0.000471846,0.00216263,0.001140296
PASV239,0.001297578,0.000865052,0.001100975,0.001376219,0,0.001297578
PASV333,0.000393205,0.000786411,0.001218937,0.001612142,0.001258257,0.000550488
PASV701,0.000314564,0.000629129,0.000157282,0.000629129,0.000393205,0.000589808
PASV355,0.000825731,0.000393205,0.000825731,0.000983014,0.000865052,0.000865052
PASV475,0.000393205,0,0.000511167,0.000668449,0.001336898,0.000668449
PASV4085,0,0,0.001022334,0.001336898,0,0
PASV498,0.000550488,0.000511167,0.001140296,0.000668449,0.001179616,0.001061655
PASV202,0.001258257,0.001336898,0.000589808,0.001140296,0.000393205,0.001140296
PASV249,0.000550488,0.000904372,0.000904372,0.001022334,0.001258257,0
PASV184,0.001258257,0.001022334,0.001061655,0.001022334,0.00070777,0.001022334
PASV152,0.001297578,0,0.00145486,0.001887386,0.002398553,0
PASV329,0.000904372,0.001926707,0,0.00145486,0,0
PASV314,0.000825731,0,0.00074709,0.000865052,0,0.000943693
PASV232,0.001258257,0,0.000786411,0.001258257,0.000786411,0.00074709
PASV643,0.000235923,0.000432526,0.000314564,0.001533501,0.000275244,0.000353885
PASV254,0.000865052,0.000432526,0.000943693,0.001258257,0.001376219,0.001061655
PASV312,0.000825731,0.003302925,0,0.001100975,0.001690783,0.001140296
PASV272,0.000904372,0.00070777,0.00074709,0.001100975,0.000629129,0.000786411
PASV209,0.001022334,0.000943693,0.001061655,0.000668449,0.001612142,0
PASV181,0.001140296,0,0.001179616,0.001336898,0.001297578,0
PASV476,0.000471846,0.002280591,0.001140296,0,0,0
PASV2429,0,0.000550488,0.000589808,0,0,0.001179616
PASV376,0.000393205,0.001179616,0.00070777,0,0.000629129,0.000589808
PASV278,0.00074709,0.00290972,0,0,0.001730104,0
PASV350,0.00070777,0.001140296,0.000629129,0.001140296,0.000904372,0.000943693
PASV267,0.001140296,0.000786411,0.001022334,0.001022334,0,0
PASV183,0.001336898,0.001140296,0.000943693,0,0,0.001769424
PASV200,0.000943693,0.000865052,0.000550488,0.001179616,0.00070777,0.000393205
PASV315,0.000668449,0.002280591,0.002044668,0.001612142,0,0.001494181
PASV399,0.00074709,0.000865052,0.000589808,0.000786411,0.001966027,0.001336898
PASV2391,0,0.000943693,0.001415539,0,0,0.002241271
PASV494,0.000511167,0.001533501,0.001179616,0.000550488,0.00070777,0.001297578
PASV569,0.000196603,0.000157282,0.000196603,0,0.000196603,0.000393205
PASV358,0.00070777,0.001140296,0,0.001415539,0.00074709,0.000668449
PASV166,0.001887386,0,0.00145486,0.000943693,0,0
PASV321,0.000668449,0.000471846,0.00074709,0.000865052,0.00070777,0.001140296
PASV4813,0,0,0,0.003302925,0.00145486,0
PASV2387,0,0.000983014,0.001808745,0.001100975,0.001612142,0.00145486
PASV425,0.000589808,0,0.000550488,0.000393205,0,0
PASV158,0.001730104,0.000550488,0.000589808,0,0.000629129,0.000393205
PASV5561,0,0,0,0,0.001926707,0
PASV424,0.000629129,0.000825731,0.001061655,0.00074709,0,0.000904372
PASV300,0.000825731,0.000865052,0.00074709,0,0.000786411,0.000825731
PASV562,0.000314564,0.000943693,0.004167977,0,0,0.002595156
PASV266,0.000865052,0,0.000904372,0,0.001258257,0
PASV496,0.000471846,0,0.000511167,0.000353885,0.000275244,0
PASV236,0.001376219,0.000786411,0.000865052,0.000117962,0.003263605,0
PASV363,0.00070777,0,0.000668449,0.000865052,0,0.000589808
PASV878,0.000235923,0.000471846,0.000786411,0.000865052,0.000825731,0.000904372
PASV248,0.001376219,0.001336898,0.000825731,0,0.000629129,0
PASV332,0.001022334,0.000471846,0.000393205,0.000275244,0.000904372,0.000432526
PASV352,0.00070777,0.000825731,0.000786411,0,0.000668449,0.000904372
PASV4080,0,0,0.001415539,0.001376219,0,0
PASV4079,0,0,0.001612142,0,0.001258257,0
PASV161,0.00145486,0,0.001415539,0,0.002359232,0
PASV506,0.000353885,0.000629129,0.001179616,0.00070777,0.000550488,0.001415539
PASV483,0.000471846,0.000786411,0.003067002,0,0.000983014,0
PASV468,0.000589808,0.001022334,0.000786411,0.001218937,0.000865052,0
PASV435,0.000511167,0.000786411,0.001100975,0.00074709,0.001061655,0
PASV461,0.000432526,0,0.001140296,0.000393205,0,0.000668449
PASV567,0.000432526,0.000393205,0.001179616,0.000235923,0.001376219,0.000629129
PASV362,0.000432526,0.000589808,0.001061655,0.000393205,0.000471846,0.000432526
PASV410,0.00074709,0,0,0.000943693,0.005504876,0
PASV265,0.000943693,0,0.000393205,0.000904372,0.000983014,0.000786411
PASV381,0.000511167,0.00070777,0.001651463,0.000629129,0.000550488,0.000393205
PASV283,0.000865052,0.001061655,0.000432526,0.000393205,0.000471846,0.000943693
PASV217,0.001336898,0.001336898,0.00074709,0.001100975,0,0.00070777
PASV194,0.001494181,0.001179616,0,0,0.001061655,0
PASV492,0.000432526,0.000432526,0.000550488,0.001612142,0,0.00074709
PASV591,0.000235923,0,0,0.001061655,0.001926707,0.001022334
PASV357,0.000629129,0.00070777,0,0.000629129,0.000786411,0.000943693
PASV421,0.000511167,0.000432526,0.000314564,0.00074709,0.000786411,0.000589808
PASV549,0.000393205,0,0.001179616,0,0.00216263,0.000235923
PASV508,0.000471846,0.000393205,0.000825731,0.001100975,0.000589808,0.000432526
PASV349,0.000471846,0.000550488,0.000314564,0.000314564,0.000943693,0.000589808
PASV191,0.001533501,0,0,0,0,0.000865052
PASV408,0.000511167,0.000983014,0.001336898,0.001100975,0.000589808,0
PASV755,0.000235923,0,0.000314564,0.000865052,0.001100975,0.001061655
PASV584,0.000275244,0.000235923,0.000589808,0,0.001022334,0.000471846
PASV215,0.000943693,0.000314564,0.000825731,0,0.000865052,0
PASV335,0.000786411,0.000550488,0.000550488,0.000393205,0,0.000471846
PASV919,0.000314564,0.000550488,0.000589808,0.000157282,0,0.000668449
PASV229,0.000904372,0.000943693,0,0.000314564,0.000157282,0.000589808
PASV3242,0,0,0,0.000432526,0,0.00070777
PASV455,0.000471846,0.000629129,0.001376219,0.00074709,0.000825731,0.000432526
PASV596,0.000196603,0.000393205,0.000511167,0.000353885,0,0.000393205
PASV306,0.000825731,0,0.000629129,0.00074709,0,0.000471846
PASV411,0.000825731,0.000904372,0.000668449,0.000314564,0.001140296,0.000629129
PASV393,0.000550488,0.000865052,0,0.000432526,0.000668449,0.000550488
PASV568,0.000314564,0.000275244,0,0.000983014,0.000550488,0.001336898
PASV4816,0,0,0,0.001730104,0.001336898,0
PASV769,0.000432526,0.000786411,0.003106323,0,0,0.001376219
PASV247,0.001100975,0.000511167,0,0,0.000157282,0
PASV747,0.000196603,0.00070777,0.000786411,0,0.000668449,0.001808745
PASV510,0.000235923,0.000668449,0,0.000393205,0.000353885,0.000196603
PASV389,0.000668449,0.000471846,0.000629129,0,0,0.000550488
PASV235,0.001218937,0,0.000786411,0.000865052,0.000983014,0
PASV2379,0,0.001572822,0.001100975,0,0.000471846,0.000629129
PASV676,0.000196603,0.000314564,0.000511167,0.000196603,0.003892734,0
PASV448,0.000471846,0,0,0,0.004050016,0
PASV608,0.000393205,0.000983014,0.000393205,0.000589808,0.000511167,0.000589808
PASV563,0.000353885,0,0.000432526,0.000471846,0.000825731,0.000550488
PASV539,0.000314564,0.000471846,0.000393205,0.000117962,0.000275244,0.001297578
PASV431,0.000550488,0.000314564,0.000668449,0.000550488,0.001690783,0.000943693
PASV380,0.000511167,0.000275244,0.000550488,0.000314564,0.000235923,0.00074709
PASV685,0.000393205,0.00074709,0,0,0.000511167,0.000943693
PASV450,0.000432526,0.000432526,0,0.000432526,0,0.000629129
PASV334,0.000668449,0.000353885,0.001022334,0.000786411,0.000353885,0
PASV233,0.001100975,0,0.000471846,0.000432526,0,0
PASV378,0.000511167,0.000196603,0.000550488,0.000157282,0.000235923,0.000943693
PASV505,0.000432526,0.000550488,0.000668449,0.000432526,0.000275244,0.000353885
PASV366,0.00070777,0,0,0.00070777,0.000943693,0
PASV481,0.000511167,0.00074709,0,0,0.000865052,0
PASV285,0.000983014,0.000983014,0,0.001179616,0.001376219,0
PASV4078,0,0,0.001494181,0.001494181,0,0
PASV253,0.001179616,0.001494181,0.000825731,0.00070777,0,0
PASV397,0.00070777,0.000471846,7.86E-05,0.000275244,0.000393205,0.000393205
PASV348,0.00074709,0.000353885,0.000471846,0.000235923,0.000589808,0.000432526
PASV754,0.000275244,0,0.000196603,0.000196603,0.000865052,0
PASV493,0.000393205,0.000393205,0,0.000825731,0.000825731,0.000825731
PASV808,0.000235923,0.000511167,0,0.00070777,0,0
PASV522,0.000353885,0.000314564,0.000825731,0.000275244,0.000353885,0
PASV138,0.001572822,0,0,0.001730104,0,0
PASV527,0.000393205,0,0.00070777,0,0.000786411,0.000550488
PASV361,0.000511167,0.000196603,0.000275244,0.000668449,0.000196603,0.000589808
PASV440,0.000471846,0,0,0.002634476,0,0
PASV873,0.000196603,0,0.00074709,0,0.002752438,0.000825731
PASV834,0.000353885,0,0,0.000550488,0.003145643,0
PASV718,0.000314564,0.000629129,0.000629129,0,0.000314564,0.000865052
PASV369,0.000550488,0.000353885,0,0.000393205,0.000235923,0.000471846
PASV594,0.000235923,0.000511167,0.000589808,0.000393205,0.000471846,0
PASV1250,3.93E-05,0.000629129,0.000196603,0.000196603,0,0.000196603
PASV456,0.000471846,0.000865052,0,0.000196603,0.000471846,0.00070777
PASV295,0.000668449,0,0.000825731,0.000235923,0.000275244,0.000353885
PASV547,0.000353885,0.000432526,0.000668449,0.000668449,0,0.001022334
PASV866,0.000196603,0.000629129,0.000589808,0.000432526,0.000668449,0.000393205
PASV610,0.000471846,0.000511167,0.000629129,0.00070777,0.000786411,0
PASV365,0.00074709,0.000353885,0,0.000668449,0.000393205,0.000550488
PASV711,0.000196603,0.000629129,0,0.000393205,0.000629129,0.000432526
PASV341,0.00070777,0.000393205,0.000432526,0,0.000668449,0
PASV548,0.000471846,0.000471846,0.000629129,0.000865052,0.000550488,0.000275244
PASV609,0.000235923,0,0,0.00074709,0.000550488,0
PASV2384,0,0.000983014,0.001376219,0.001100975,0,0
PASV882,0.000235923,0.000471846,0.000511167,0.000589808,0.000550488,0.000275244
PASV413,0.000511167,0.000471846,0.000550488,0.000471846,0.000432526,0
PASV303,0.00070777,0.002555835,0,0,0,0.000865052
PASV5560,0,0,0,0,0.001848065,0
PASV383,0.000550488,0,0,0,0,0.001179616
PASV243,0.001022334,0,0,0.001572822,0.000865052,0
PASV595,0.000511167,0,0.000550488,0.000432526,0.000432526,0.000196603
PASV442,0.000629129,0,0,0,0,0.001022334
PASV603,0.000353885,0,0,0,0.000511167,0.000314564
PASV556,0.000353885,0.000314564,7.86E-05,0.000235923,0.000511167,0.000393205
PASV1025,0.000157282,0.00074709,0.000668449,0.000432526,0.000550488,0.000629129
PASV343,0.00070777,0,0,0,0.001022334,0
PASV2419,0,0.000668449,0.001297578,0,7.86E-05,0.00070777
PASV716,0.000275244,0,0,0.000117962,0.002555835,0
PASV204,0.001336898,0.000393205,0,0.000393205,0,0.000432526
PASV679,0.000196603,0,0,7.86E-05,0.000314564,0.000471846
PASV600,0.000432526,0.000471846,0.000196603,0.000983014,0.000629129,0.000629129
PASV274,0.000904372,0,0.000825731,0,0.000668449,0
PASV536,0.000432526,0,0,0.000589808,0,0
PASV803,0.000275244,0.000235923,0.000629129,0.000943693,0.000275244,0.000353885
PASV269,0.000825731,0.001061655,0,0,0.001376219,0
PASV351,0.000629129,0,0.000550488,0,0.000196603,0
PASV1236,0.000196603,0.000196603,0,0.000668449,0.000196603,0
PASV3213,0,0,0,0,0,0.002083989
PASV757,0.000157282,0,0.000589808,0.000511167,0,0
PASV5557,0,0,0,0.002319912,0.002398553,0
PASV906,0.000117962,0.000432526,0.000511167,0,0.000589808,0.000314564
PASV416,0.000629129,0.001730104,0,0,0,0.000471846
PASV490,0.000314564,0.000471846,0,0.000550488,0.000353885,0.000275244
PASV439,0.00070777,0.000589808,0,0,0,0.001100975
PASV815,0.000235923,0,0,0.000432526,0,0.001179616
PASV558,0.000393205,0,0.000117962,0.000314564,0.000353885,0.000471846
PASV633,0.000314564,0.000589808,0.000157282,0.000353885,0.000393205,0.000629129
PASV434,0.000511167,0,0.001022334,0,0,0
PASV340,0.000943693,0,0,0,0.002083989,0
PASV390,0.000511167,0,0.000353885,0,0.000511167,0.001140296
PASV532,0.000550488,0.000196603,0,0.000275244,0,0
PASV2434,0,0.000432526,0,0,0.000471846,0.000275244
PASV943,0.000157282,0.000275244,0.000314564,0.000865052,0.000353885,0.000314564
PASV364,0.000511167,0,0,0,0.000825731,0
PASV407,0.000629129,0.000589808,0,0,0.000393205,0.000550488
PASV384,0.000432526,0.000353885,0.000157282,3.93E-05,0.000550488,0.000275244
PASV721,0.000353885,0,0.000668449,0,0,0
PASV488,0.000314564,0.001100975,0,0,0,0
PASV543,0.000314564,0,0,0.001179616,0.000825731,0
PASV286,0.000983014,0.000432526,0.001533501,0,0,0
PASV921,7.86E-05,0.000353885,0.000471846,0.000314564,0,0
PASV589,0.000432526,0.000471846,0,0.000904372,0,0
PASV577,0.000432526,0.000668449,0.000786411,0.000314564,0.000511167,0.000589808
PASV917,0.000157282,0,0.000904372,0,0.000786411,0.001061655
PASV288,0.000629129,0,0,0.000825731,0,0
PASV326,0.000786411,0,0,0.000275244,0.000825731,0.000550488
PASV395,0.000825731,0.000235923,0,0,0.000550488,0.00070777
PASV4092,0,0,0.000943693,0.002044668,0,0
PASV382,0.000471846,0,0.001572822,0.000629129,0,0
PASV405,0.000511167,0,0.000196603,0,0.000904372,0.000353885
PASV813,0.000275244,0.000235923,0.000353885,0.000432526,0.000393205,0
PASV504,0.000550488,0.000157282,0.000275244,0.000353885,0.000432526,0
PASV565,0.000511167,0,0.000117962,0,0.000550488,0.000629129
PASV227,0.00074709,0,0,0.000275244,0,0.000157282
PASV4866,0,0,0,0.00290972,0.000235923,0
PASV2413,0,0.00074709,0.001140296,0.000983014,0,0.001022334
PASV530,0.000393205,0,0,0.000983014,0,0
PASV1332,7.86E-05,0.000668449,0.000668449,0,0.000235923,0
PASV367,0.000668449,0.000668449,0.000589808,0,0,0
PASV391,0.000511167,0.000196603,0,0.000353885,0.000117962,0.000314564
PASV3231,0,0,0,0.002437874,0,0.000943693
PASV452,0.000314564,0,0.002005348,0,0.000471846,0
PASV3223,0,0,0.000668449,0,0,0.001061655
PASV2395,0,0.000825731,0,0.00070777,0,0.00074709
PASV4076,0,0,0.002477194,0.001140296,0,0
PASV644,0.000235923,0.000196603,0.000275244,0.00074709,0,0.000314564
PASV457,0.000235923,0.000314564,7.86E-05,0.000235923,0,0.000235923
PASV238,0.001061655,0,0,0,0,0
PASV749,0.000157282,0.000235923,0.000393205,0.000275244,0.000825731,0.000196603
PASV559,0.000275244,0.000275244,0.000157282,0.000589808,0.000471846,0
PASV578,0.000511167,0.000157282,0,0.00070777,0.000117962,0.000511167
PASV612,0.000314564,0.000511167,0.000393205,0.000668449,0.000157282,0
PASV639,0.000235923,0,0.000589808,0.000353885,0.000432526,0.00074709
PASV430,0.000471846,0,0.000353885,0,0.000511167,0
PASV669,0.000353885,0.000786411,0,0,0,0
PASV607,0.000275244,0,0.000550488,0,0.000117962,0.000550488
PASV766,0.000314564,0.000353885,0.00074709,0,0.000432526,0.000511167
PASV697,0.000275244,0.000117962,0.000117962,0.000471846,0,0.000196603
PASV471,0.000511167,0,0,0,0.000393205,0.000786411
PASV597,0.000314564,0,0.00070777,0,0,0
PASV353,0.000943693,0.001179616,0,0,0,0
PASV4821,0,0,0,0.000865052,0.00074709,0
PASV2428,0,0.000629129,0.000629129,0.000511167,0,0
PASV185,0.001140296,0,0,0,0,0
PASV698,0.000196603,0,0.000511167,0,0,0.000904372
PASV338,0.000589808,0,0.001415539,0,0,0
PASV518,0.000432526,0,0.000275244,0.000117962,0.000157282,0.000196603
PASV6948,0,0,0,0.003184964,0,0
PASV638,0.000393205,0.000196603,0.000275244,0.000235923,0.000157282,0.000629129
PASV446,0.000589808,0.000275244,0.000353885,0.000117962,0.000353885,0
PASV531,0.000393205,0.000589808,0,0,0,0.000589808
PASV2432,0,0.000471846,0.000196603,0.000314564,0.000393205,0.000235923
PASV3237,0,0,0.000275244,0,0,0.000904372
PASV4093,0,0,0.00070777,0.000589808,0,0
PASV385,0.000471846,0,0.000235923,0,0.000511167,0.000393205
PASV997,0.000235923,0,0.00070777,0,0,0.00070777
PASV570,0.000471846,0,0.000275244,0,0,0.000353885
PASV2374,0,0.003067002,0,0,0,0
PASV801,0.000196603,0.000353885,0,0.001022334,0,0
PASV1503,0.000117962,0.000393205,0,0,0.001061655,3.93E-05
PASV636,0.000511167,0,0.000117962,0,0.000393205,0.000432526
PASV449,0.000550488,0,0,0.000235923,0.000983014,0
PASV354,0.000511167,0.000196603,0,0.000117962,0.000196603,0.000196603
PASV1125,0.000117962,0,0.001533501,0,0.000235923,0.000117962
PASV216,0.001100975,0,0,0,0,0
PASV375,0.000786411,0,0,0,0.000471846,0
PASV356,0.000589808,0.001297578,0,0,0,0
PASV791,0.000235923,0,0.000314564,0.000511167,0,0.000589808
PASV2390,0,0.000865052,0,0,0.000589808,0
PASV2614,0,0.000196603,0.00074709,0,0,0.000393205
PASV377,0.00070777,0,0,0,0.001140296,0
PASV746,0.000471846,0,0.000314564,0.000353885,0,0
PASV560,0.000353885,0.000550488,0.000275244,0,0,0
PASV1010,0.000117962,0.000196603,0.000314564,7.86E-05,0.000117962,0.000471846
PASV3257,0,0,0.000393205,0,0.000865052,0.000589808
PASV2451,0,0.000589808,0,0.000943693,0.000511167,0
PASV785,0.000235923,0,0,0.001022334,0.000393205,0
PASV552,0.000471846,0,0.000471846,0,0.000629129,0.000589808
PASV4822,0,0,0,0.001140296,0.000393205,0
PASV687,0.000432526,0.000353885,0.000314564,0.000235923,0.000393205,0
PASV2422,0,0.000511167,0,0,0.001887386,0
PASV2508,0,0.000314564,0.000393205,0.000117962,0.000117962,0.000668449
PASV472,0.000432526,0.001218937,0,0,0,0
PASV582,0.000314564,0.000235923,0.000353885,0.000196603,0,0.000157282
PASV673,0.000432526,0.000825731,0,0,0,0
PASV566,0.000432526,0,0,0.000589808,0.000550488,0.000275244
PASV4139,0,0,0.000471846,0.00074709,0.000157282,0
PASV2563,0,0.000275244,0,0,0,0.001258257
PASV1593,3.93E-05,0.000196603,0.000511167,0.000275244,0.000353885,3.93E-05
PASV4835,0,0,0,0.000786411,0.000353885,0
PASV690,0.000432526,0.000786411,0,0,0,0
PASV5565,0,0,0,0,0.001297578,0
PASV713,0.000353885,0.000275244,0,0,0.000196603,0.000314564
PASV912,0.000157282,0.000393205,0.000196603,0.000275244,0.000196603,0.000353885
PASV2418,0,0.000786411,0,0,0,0.000471846
PASV4105,0,0,0.000550488,0.000471846,0,0
PASV360,0.000629129,0.00070777,0,0,0,0
PASV322,0.00074709,0,0,0.000353885,0,0
PASV623,0.000393205,0.000235923,0,0.000117962,0,0.000314564
PASV2528,0,0.000235923,0,0.000471846,0.000393205,0.000235923
PASV538,0.000353885,0.000314564,0,0,0,0.000432526
PASV659,0.000275244,0.000353885,0.000235923,0,0.000235923,0
PASV451,0.000550488,0,0,0.000629129,0,0
PASV772,0.000235923,0,0,0.000314564,0,0.000825731
PASV926,0.000196603,0.000275244,0,0.000393205,0.000550488,0.000393205
PASV2394,0,0.000904372,0,0,0.001218937,0
PASV2382,0,0.001061655,0,0,0.000786411,0.000511167
PASV2427,0,0.000511167,0,0.000589808,0,0.000511167
PASV275,0.001140296,0,0,0,0,0
PASV928,0.000235923,0,0.000629129,0,0.000629129,0
PASV2436,0,0.000589808,0,0,0,0.001887386
PASV347,0.00070777,0.000157282,0,0,0.000117962,0.000117962
PASV4081,0,0,0.001336898,0,0,0
PASV667,0.000353885,0,0.000668449,0,0,0
PASV574,0.000314564,0.000196603,0.000117962,0.000235923,0.000275244,0
PASV827,0.000235923,0,0.001651463,0,0,0
PASV598,0.000235923,0.000668449,0.000157282,0,0,0.000196603
PASV2558,0,0.000235923,0,0.000393205,0.000117962,0.000589808
PASV778,7.86E-05,0.000393205,0.000275244,0.000275244,0,0
PASV752,0.000353885,0.000471846,0,0.00074709,0,0.000314564
PASV4828,0,0,0,0,0.001022334,0
PASV2421,0,0.000629129,0,7.86E-05,0.000550488,0
PASV3407,0,0,0.000629129,0.000668449,0.000157282,0.000235923
PASV526,0.000393205,0,0,0.000629129,0,0
PASV842,0.000235923,0.000235923,0,0,0.000275244,0.000353885
PASV637,0.000511167,0.000196603,0,0,0,0.000511167
PASV660,0.000511167,0.000432526,0,0,0,0.000314564
PASV821,0.000432526,0,0,7.86E-05,0.000511167,0.000196603
PASV445,0.000550488,0.000550488,0,0,0,0
PASV4077,0,0,0.001376219,0,0,0
PASV2398,0,0.00074709,0,0.001140296,0,0
PASV2377,0,0.001730104,0,0,0,0
PASV779,0.000117962,0,0.000511167,0.000196603,0,0.000471846
PASV2378,0,0.001926707,0,0,0,0
PASV3249,0,0,0.000432526,0,0.000511167,0.00074709
PASV852,0.000157282,0.000668449,0,0,0,0.000314564
PASV1032,0.000117962,0.000314564,0,0.000511167,0,0.000393205
PASV4107,0,0,0.000550488,0,0.000629129,0
PASV900,0.000314564,0.000550488,0.000196603,0,0,0
PASV2454,0,0.000511167,0,0,0,0.00074709
PASV3216,0,0,0,0,0,0.001572822
PASV4216,0,0,0.000275244,0.000589808,0.000629129,0
PASV5562,0,0,0,0,0.001533501,0
PASV963,0.000157282,0,0,0,0.001297578,0
PASV5563,0,0,0,0,0.001612142,0
PASV767,0.000275244,0,0.00074709,0,0,0
PASV886,0.000235923,0,0,0.000432526,0,0.000353885
PASV5567,0,0,0,0,0.001100975,0
PASV3227,0,0,0,0,0,0.001100975
PASV5564,0,0,0,0,0.00145486,0
PASV2536,0,0.000314564,0,0.000275244,0.000393205,0.000275244
PASV2380,0,0.001258257,0,0,0,0
PASV2381,0,0.001376219,0,0,0,0
PASV5566,0,0,0,0,0.001258257,0
PASV6951,0,0,0,0.001218937,0,0
PASV4098,0,0,0.000786411,0.000432526,0,0
PASV4118,0,0,0.000511167,0.000550488,0,0
PASV3222,0,0,0,0,0,0.001140296
PASV4123,0,0,0.000471846,0,0.000589808,0
PASV4512,0,0,7.86E-05,0.00070777,0.000393205,0
PASV4155,0,0,0.000393205,0,0.00074709,0
PASV2383,0,0.001179616,0,0,0,0
PASV1023,0.000275244,0,0.000235923,0,0,0.000589808
PASV3224,0,0,0,0,0,0.001022334
PASV6954,0,0,0,0.001100975,0,0
PASV3225,0,0,0,0,0,0.001100975
PASV6955,0,0,0,0.001100975,0,0
PASV5569,0,0,0,0,0.001061655,0
PASV3226,0,0,0,0,0,0.001061655
PASV5572,0,0,0,0,0.001100975,0
PASV3233,0,0,0,0,0,0.001061655
ASV364,0,0,0.001145968,0,0,0
ASV22,0,0,0.014181349,0.004010887,0.009883971,0
ASV901,0,0.001145968,0,0.001862197,0,0
ASV28,0.015613809,0.018908466,0.01346512,0.010313709,0.011602922,0.006589314
ASV613,0,0.000859476,0.000286492,0,0.002148689,0.000429738
ASV1601,0.001289214,0,0,0,0.000859476,0.001289214
ASV953,0,0,0,0.001718951,0,0.000429738
ASV893,0,0,0,0.002005443,0,0
ASV87,0,0.001002722,0.005156854,0.002291935,0.001145968,0.000859476
ASV148,0.002291935,0.002148689,0.002864919,0,0.00143246,0.001575705
ASV130,0.002291935,0.002578427,0.003294657,0.002578427,0.002721673,0.001575705
ASV4616,0,0.002005443,0,0,0,0
ASV1130,0,0,0,0.00071623,0.000572984,0
ASV1455,0,0,0,0,0.001718951,0
ASV621,0.002435181,0,0.000286492,0,0,0
ASV1936,0.000859476,0,0,0,0.000429738,0
ASV1170,0.000859476,0.000572984,0,0.000572984,0,0
ASV2332,0.001145968,0,0,0,0,0
ASV373,0.000859476,0.003151411,0.000572984,0,0,0.000429738
ASV1041,0.002578427,0,0,0.000572984,0,0
ASV2260,0.008165019,0,0,0,0,0
ASV1383,0.005156854,0.008451511,0,0,0,0.033376307
ASV163,0,0,0.003151411,0.003008165,0,0
ASV2359,0.001002722,0,0,0,0,0
ASV125,0.002148689,0.001575705,0.003724395,0.004870362,0.002721673,0.002435181
ASV95,0,0,0.004583871,0,0,0.001718951
ASV146,0,0.002721673,0.003008165,0.002148689,0.001002722,0.001718951
ASV1007,0,0,0,0.00071623,0.002291935,0.000572984
ASV928,0,0,0,0.00143246,0,0
ASV1016,0,0.00071623,0,0.00071623,0,0
ASV2328,0.001289214,0,0,0,0,0
ASV2046,0.001145968,0,0,0,0.000286492,0
ASV3263,0,0,0,0,0,0.001862197
ASV1456,0.00071623,0.001575705,0,0,0.001145968,0
ASV860,0,0,0,0.005013608,0.0053001,0
ASV175,0.006159576,0.003294657,0.002864919,0.002005443,0.001145968,0.001145968
ASV2310,0.001718951,0,0,0,0,0
ASV270,0,0,0.00143246,0,0,0
ASV2934,0,0.006302822,0,0,0,0
ASV1820,0,0,0,0,0.005013608,0.001575705
ASV115,0.003867641,0.010170463,0.004010887,0.003151411,0.00601633,0.001575705
ASV166,0,0.002864919,0.003437903,0,0.003151411,0.00071623
ASV161,0,0.001575705,0.002721673,0,0,0.001145968
ASV1424,0,0,0,0,0.001862197,0
ASV2305,0.002005443,0,0,0,0,0
ASV222,0,0,0.002005443,0,0.002578427,0.001718951
ASV321,0,0.006302822,0.000859476,0,0,0.00071623
ASV120,0.008308265,0.004010887,0.003151411,0.007162298,0,0.001002722
ASV2349,0.001145968,0,0,0,0,0
ASV445,0,0.000286492,0.000572984,0.000859476,0.002291935,0.000143246
ASV879,0,0.008594757,0,0.002291935,0,0.002578427
ASV4622,0,0.001718951,0,0,0,0
ASV1037,0,0,0,0.001145968,0,0
ASV4591,0,0.004727116,0,0,0,0
ASV61,0,0.00673256,0.006302822,0.008881249,0.008165019,0.004154133
ASV706,0.001289214,0,0,0.000572984,0.000286492,0
ASV3265,0,0,0,0,0,0.001145968
ASV66,0.009167741,0.009597479,0.007019052,0.003437903,0.006302822,0.003437903
ASV4590,0,0.007019052,0,0,0,0
ASV228,0.002291935,0.02549778,0.001718951,0.002435181,0.003151411,0.001145968
ASV2330,0.001289214,0,0,0,0,0
ASV303,0,0,0.001002722,0,0,0
ASV124,0.003724395,0.005443346,0.003724395,0.004154133,0.004727116,0.001575705
ASV1077,0,0,0,0.000859476,0.000859476,0.000429738
ASV2354,0.001002722,0,0,0,0,0
ASV547,0,0.000286492,0.000286492,0.000429738,0,0
ASV968,0,0,0,0.00143246,0,0.001289214
ASV492,0,0.000859476,0.000429738,0,0,0.000286492
ASV1853,0,0,0,0,0.001289214,0
ASV2345,0.001145968,0,0,0,0,0
ASV541,0,0,0.000286492,0.001002722,0,0.000429738
ASV922,0,0,0,0.002291935,0,0
ASV2341,0.001145968,0.001145968,0,0,0,0
ASV944,0.00143246,0,0,0.001575705,0.000429738,0
ASV1982,0,0.00071623,0,0,0.000429738,0.001145968
ASV475,0,0,0.000572984,0.000286492,0,0.000429738
ASV147,0,0.001718951,0.003008165,0,0,0
ASV1919,0.002578427,0,0,0,0.000429738,0
ASV925,0,0,0,0.001862197,0.001289214,0
ASV2267,0.004583871,0,0,0,0,0.003867641
ASV2371,0.001002722,0,0,0,0,0
ASV1136,0,0,0,0.000429738,0.000429738,0.000143246
ASV89,0.00143246,0.000429738,0.005586592,0.001289214,0.000286492,0.001145968
ASV2275,0.003294657,0,0,0,0,0
ASV207,0.005443346,0.001575705,0.001718951,0.00601633,0.002291935,0.001862197
ASV266,0,0.001002722,0.001718951,0.002291935,0.002005443,0.001002722
ASV224,0.004870362,0.001718951,0.001862197,0.00744879,0.009597479,0.001575705
ASV861,0,0,0,0.004010887,0,0
ASV1507,0,0.000286492,0,0,0,0.00071623
ASV234,0,0,0.00143246,0,0.001002722,0
ASV69,0.005013608,0,0.003867641,0.003581149,0.001575705,0.001002722
ASV838,0.011459676,0,0,0.010027217,0.01131643,0
ASV1870,0,0,0,0,0.000859476,0.001718951
ASV2070,0.001002722,0,0,0,0.000286492,0
ASV2285,0.002721673,0,0,0,0,0
ASV242,0,0,0.002005443,0,0,0
ASV245,0,0,0.002005443,0,0,0
ASV217,0.001575705,0,0.00143246,0,0,0.000143246
ASV411,0,0,0.001002722,0,0,0
ASV181,0.00143246,0,0.002721673,0.001002722,0.00143246,0.001862197
ASV2262,0.006302822,0,0,0,0,0.00071623
ASV1089,0,0,0,0.00071623,0.000286492,0
ASV4600,0,0.002578427,0,0,0,0
ASV987,0.001002722,0.001575705,0,0.001002722,0,0
ASV837,0.004870362,0.003437903,0,0.009167741,0.002435181,0
ASV2346,0.001145968,0,0,0,0,0
ASV239,0.003437903,0.002864919,0.001575705,0.002148689,0.00071623,0.001862197
ASV117,0,0,0.003724395,0,0.002005443,0.002005443
ASV1846,0,0,0,0,0.002291935,0
ASV1859,0,0,0,0,0.001145968,0
ASV240,0,0,0.002005443,0,0.000572984,0
ASV83,0.010456955,0.006589314,0.00601633,0.014181349,0.002435181,0.00601633
ASV1025,0,0,0,0.000572984,0.000143246,0.000286492
ASV962,0,0.000572984,0,0.00071623,0,0
ASV918,0.002435181,0,0,0.001718951,0.001289214,0.000859476
ASV2314,0.001575705,0,0,0,0,0
ASV614,0.00071623,0.000572984,0.000429738,0,0.004727116,0.000572984
ASV654,0,0.00071623,0,0,0.000429738,0
ASV345,0.001862197,0.00143246,0.001145968,0.00143246,0.002148689,0.001002722
ASV2630,0,0.001002722,0,0,0,0
ASV341,0.002005443,0,0.000859476,0.00071623,0.000429738,0.000286492
ASV319,0,0,0.00071623,0.001862197,0.001145968,0.000143246
ASV301,0,0.001718951,0.001575705,0,0,0
ASV8,0.018908466,0.021200401,0.026786993,0.016473285,0.014754333,0.007592036
ASV29,0.004154133,0.003151411,0.011889414,0.002864919,0.005013608,0.001575705
ASV1035,0,0,0,0.00071623,0.002005443,0
ASV198,0.002721673,0,0.002721673,0,0,0
ASV430,0.00071623,0,0.000859476,0.001718951,0.00071623,0
ASV2357,0.001002722,0,0,0,0,0
ASV1975,0.000859476,0,0,0,0.000143246,0
ASV947,0,0,0,0.001145968,0,0
ASV211,0,0,0.002291935,0.002005443,0.001718951,0.001289214
ASV910,0,0.004583871,0,0.001862197,0,0.004583871
ASV268,0,0,0.001145968,0,0,0
ASV4609,0,0.001145968,0,0,0,0
ASV2336,0.001002722,0,0,0,0,0
ASV1365,0,0.001289214,0,0,0,0
ASV3278,0,0,0,0,0,0.001145968
ASV4602,0,0.001862197,0,0,0,0
ASV4613,0,0.00143246,0,0,0,0
ASV1847,0,0.001862197,0,0,0.001145968,0
ASV2388,0.00071623,0,0,0,0,0.000286492
ASV1884,0,0,0,0,0.001145968,0.00071623
ASV920,0,0,0,0.001862197,0,0
ASV1398,0.004010887,0,0,0,0.002005443,0
ASV250,0,0,0.001145968,0,0,0
ASV932,0,0,0,0.00143246,0.001289214,0
ASV2939,0,0.0053001,0,0,0,0
ASV980,0,0,0,0.000572984,0.001145968,0.000859476
ASV2565,0,0.002578427,0,0,0,0
ASV1018,0.002005443,0,0,0.001145968,0,0.00071623
ASV31,0.010600201,0.018335482,0.011746168,0.014038103,0.009454233,0.007592036
ASV973,0,0,0,0.001289214,0,0
ASV1880,0,0,0,0,0.001145968,0
ASV277,0.003867641,0.004297379,0.001575705,0.001002722,0,0.001289214
ASV1082,0.000572984,0,0,0.000429738,0.000429738,0
ASV3269,0,0,0,0,0,0.001002722
ASV3297,0,0.001718951,0,0,0,0.000572984
ASV129,0.0053001,0.002148689,0.002721673,0,0,0.003008165
ASV897,0,0,0,0.002148689,0,0
ASV215,0.003724395,0,0.002148689,0,0,0
ASV174,0,0,0.002291935,0,0.001145968,0.002148689
ASV314,0,0,0.001145968,0,0,0.000143246
ASV171,0,0.001575705,0.002291935,0,0,0.002435181
ASV1878,0,0,0,0,0.001145968,0
ASV854,0,0,0,0.005156854,0,0
ASV951,0,0,0,0.001145968,0,0
ASV65,0.008881249,0.009024495,0.00744879,0,0.006159576,0.00143246
ASV946,0,0,0,0.001145968,0,0
ASV4,0.021343647,0.023492336,0.046554935,0.035811488,0.011602922,0.014038103
ASV27,0.010456955,0.007878527,0.01203266,0.015184071,0.008594757,0.003294657
ASV1646,0,0.001289214,0,0,0,0
ASV262,0,0.000429738,0.001575705,0.001145968,0.009024495,0.000572984
ASV384,0,0.001575705,0.00071623,0.000859476,0.00071623,0
ASV260,0,0,0.002435181,0.000859476,0,0
ASV158,0.004870362,0.001289214,0.002864919,0.003008165,0.002005443,0
ASV1823,0.003581149,0,0,0,0.003294657,0
ASV325,0,0,0.001289214,0,0,0
ASV1414,0,0,0,0,0.00143246,0
ASV4637,0,0.001002722,0,0,0,0
ASV1001,0,0.000429738,0,0.001002722,0,0
ASV836,0,0.003724395,0,0.009024495,0,0.002721673
ASV1047,0.002291935,0.002005443,0,0.001002722,0.000286492,0
ASV4606,0,0.002148689,0,0,0,0
ASV1029,0,0,0,0.00071623,0.000286492,0
ASV38,0.006446068,0.011173184,0.01131643,0.01203266,0.004440625,0.0053001
ASV2261,0.00673256,0,0,0,0,0
ASV448,0.0053001,0.00143246,0.00071623,0.000572984,0,0.001575705
ASV478,0,0,0.00071623,0,0.000429738,0
ASV2579,0,0.001289214,0,0,0,0
ASV58,0,0.0053001,0.007878527,0.00673256,0.001718951,0.004297379
ASV2361,0.001002722,0,0,0,0,0
ASV2010,0,0.001575705,0,0,0.000286492,0.002578427
ASV1092,0.000572984,0,0,0.00071623,0,0
ASV3258,0,0,0,0,0,0.002291935
ASV940,0,0,0,0.001289214,0,0.000572984
ASV1009,0,0,0,0.001289214,0,0
ASV1372,0,0.003008165,0,0,0.001002722,0.00071623
ASV162,0,0.003008165,0.002864919,0.004440625,0,0
ASV105,0.007735281,0.004870362,0.004583871,0.006446068,0.003437903,0.003437903
ASV3266,0,0,0,0,0,0.001575705
ASV170,0,0.004583871,0.001862197,0.004154133,0.003581149,0.003008165
ASV370,0,0,0.001002722,0,0.000286492,0
ASV176,0.003437903,0.001002722,0.002291935,0.003294657,0.001002722,0.00673256
ASV461,0,0,0.001002722,0,0,0
ASV1844,0,0,0,0,0.002435181,0
ASV874,0.002578427,0.002578427,0,0.003151411,0,0
ASV183,0.002721673,0.003867641,0.002148689,0.004727116,0.005873084,0.00143246
ASV4612,0,0.002005443,0,0,0,0
ASV2320,0.001289214,0,0,0,0,0
ASV4598,0,0.003008165,0,0,0,0
ASV1816,0.022059877,0,0,0,0.008165019,0.004583871
ASV2299,0.001862197,0,0,0,0,0
ASV898,0,0,0,0.002291935,0,0
ASV123,0,0.000859476,0.003437903,0,0.004727116,0.001145968
ASV900,0,0,0,0.002148689,0,0
ASV1901,0,0,0,0,0.001289214,0
ASV284,0.001862197,0.002148689,0.00071623,0.003008165,0.000572984,0.00071623
ASV1899,0.000572984,0.000572984,0,0,0.000859476,0.000572984
ASV2293,0.002291935,0,0,0,0,0
ASV834,0,0,0,0.015327317,0.008881249,0
ASV53,0.013178628,0.010600201,0.008021773,0.010743446,0.157857041,0.004870362
ASV121,0.005443346,0.002005443,0.004297379,0.003294657,0.004154133,0.001862197
ASV975,0,0,0,0.001145968,0,0
ASV549,0,0.000286492,0.000429738,0,0.001145968,0
ASV1828,0,0,0,0,0.003151411,0
ASV1141,0.001718951,0,0,0.000429738,0,0
ASV939,0.001575705,0.000572984,0,0.001575705,0.000286492,0
ASV136,0.007735281,0.007878527,0.003008165,0.010456955,0.005443346,0.003294657
ASV1389,0,0.015900301,0,0,0,0
ASV1817,0,0,0,0,0.007162298,0
ASV251,0,0,0.002291935,0,0,0
ASV948,0.002005443,0,0,0.001289214,0,0.001718951
ASV4621,0,0.001145968,0,0,0,0
ASV890,0,0,0,0.002148689,0,0.000429738
ASV964,0,0,0,0.001145968,0,0
ASV142,0,0.00673256,0.002721673,0.004870362,0.002578427,0.001145968
ASV271,0,0,0.001718951,0,0,0
ASV1008,0,0,0,0.000572984,0.001145968,0
ASV868,0,0,0,0.003724395,0,0
ASV484,0.002148689,0.000143246,0.000572984,0,0.00143246,0
ASV1895,0,0.000859476,0,0,0.00071623,0
ASV286,0,0,0.001145968,0,0,0
ASV3282,0,0,0,0,0,0.001002722
ASV1201,0,0,0,0.000286492,0.001002722,0
ASV3268,0,0,0,0,0,0.001145968
ASV1710,0,0,0,0,0.001002722,0.000429738
ASV866,0,0,0,0.003724395,0,0
ASV1832,0,0,0,0,0.003008165,0
ASV296,0,0,0.001002722,0,0,0
ASV278,0.001862197,0.002291935,0.001575705,0.002721673,0.003581149,0.000859476
ASV369,0,0.001862197,0.001575705,0,0,0
ASV852,0.008308265,0.007878527,0,0.005586592,0.006159576,0.002005443
ASV1649,0,0.001002722,0,0,0.000429738,0
ASV1909,0,0.000429738,0,0,0.000572984,0
ASV2306,0.002005443,0,0,0,0,0
ASV981,0,0,0,0.001575705,0,0
ASV424,0,0,0.000429738,0.001002722,0.000143246,0
ASV118,0.001145968,0.000859476,0.003294657,0.003294657,0,0
ASV1558,0.001002722,0.001289214,0,0,0,0
ASV43,0.006302822,0.007735281,0.010600201,0.007592036,0.006589314,0.003437903
ASV60,0,0,0.00744879,0.008881249,0,0.001862197
ASV3283,0,0,0,0,0,0.001145968
ASV841,0,0,0,0.007592036,0,0
ASV2308,0.001862197,0,0,0,0,0
ASV994,0,0,0,0.001145968,0,0
ASV232,0,0.002291935,0.002291935,0,0.002864919,0
ASV184,0.000572984,0.001289214,0.002721673,0.002578427,0.002578427,0.001145968
ASV1437,0,0,0,0,0.001002722,0
ASV267,0.001862197,0.004583871,0.001145968,0.000859476,0.001575705,0.00071623
ASV2607,0,0.004870362,0,0,0,0.002005443
ASV39,0,0,0.008594757,0,0,0
ASV3274,0,0,0,0,0,0.001002722
ASV86,0,0.006446068,0.004583871,0,0.00143246,0.00143246
ASV225,0,0,0.002435181,0.002721673,0,0
ASV73,0.010170463,0.007305544,0.006446068,0.007305544,0.007592036,0.002148689
ASV1907,0.000429738,0,0,0,0.000859476,0
ASV1065,0,0.002005443,0,0.00071623,0,0
ASV899,0.00143246,0.00071623,0,0.002005443,0,0
ASV849,0.002721673,0,0,0.005586592,0,0
ASV1182,0,0.000429738,0,0,0.002864919,0.000286492
ASV1081,0,0,0,0.00071623,0.000572984,0
ASV78,0.004583871,0.002005443,0.005586592,0,0.001575705,0.006159576
ASV4614,0,0.001718951,0,0,0,0
ASV7,0.024638304,0.024208566,0.02549778,0.022059877,0.025354534,0.009310987
ASV873,0,0,0,0.003008165,0,0
ASV1845,0,0,0,0,0.001862197,0
ASV392,0,0,0.001145968,0,0,0
ASV340,0,0.00071623,0.001289214,0,0,0
ASV10,0.026357255,0.032087094,0.027216731,0.029795158,0.030511388,0.011746168
ASV1012,0,0.001145968,0,0.00071623,0.000572984,0.000286492
ASV959,0,0,0,0.001002722,0,0
ASV1038,0,0,0,0.001002722,0,0
ASV56,0.021773385,0.010600201,0.006446068,0.01203266,0.005873084,0.015184071
ASV23,0.006446068,0.011746168,0.010886692,0.014611087,0.01131643,0.007305544
ASV231,0,0,0.001575705,0,0,0
ASV2257,0.009883971,0,0,0,0,0
ASV2269,0.004010887,0,0,0,0,0
ASV1825,0,0,0,0,0.003437903,0.002864919
ASV579,0.00143246,0,0.000286492,0,0.000429738,0
ASV422,0,0,0.000429738,0,0,0.001289214
ASV1930,0,0,0,0,0.000859476,0.000286492
ASV1891,0,0,0,0,0.001289214,0
ASV2321,0.001289214,0,0,0,0,0
ASV11,0.026070764,0.023922074,0.022203123,0.023205844,0.014611087,0.009740725
ASV137,0.009454233,0.003867641,0.003581149,0.009167741,0.001575705,0.007592036
ASV864,0,0,0,0.003008165,0,0
ASV152,0,0.00601633,0.003151411,0.004010887,0.003581149,0.001862197
ASV966,0,0,0,0.001289214,0,0
ASV2386,0.000859476,0,0,0,0,0.000859476
ASV1000,0,0,0,0.001145968,0,0
ASV1530,0,0,0,0,0.000859476,0.000286492
ASV2273,0.003581149,0,0,0,0,0
ASV48,0.002148689,0.004297379,0.008308265,0.003008165,0.006302822,0.003008165
ASV921,0.00143246,0,0,0.001718951,0,0
ASV221,0,0.002291935,0.002291935,0.003867641,0,0.00071623
ASV2304,0.001862197,0,0,0,0,0
ASV2312,0.001289214,0,0,0,0,0
ASV298,0,0.00143246,0.001145968,0.002148689,0.00143246,0.00071623
ASV4605,0,0.00143246,0,0,0,0
ASV1489,0,0,0,0,0.001289214,0
ASV455,0,0,0.000143246,0.001289214,0,0
ASV2399,0.00071623,0,0,0,0,0.000429738
ASV320,0.002291935,0.00071623,0.00143246,0,0.000572984,0.000859476
ASV1052,0,0,0,0.001002722,0,0
ASV132,0,0.002291935,0.003437903,0,0.00143246,0.000286492
ASV914,0,0,0,0.002291935,0,0
ASV1819,0,0,0,0,0.00673256,0
ASV96,0.004010887,0.003294657,0.004583871,0.0053001,0.003294657,0.001718951
ASV54,0.008738003,0.033519553,0.007162298,0.005156854,0.008451511,0.416845724
ASV188,0.039965621,0.00673256,0.003151411,0,0.01733276,0.000859476
ASV241,0.001289214,0.003294657,0.00143246,0,0.001002722,0.000286492
ASV3,0.079071766,0.047557656,0.079215012,0.097550494,0.056725398,0.041111589
ASV388,0.003581149,0,0.00071623,0.000572984,0.001002722,0.000859476
ASV1445,0,0.00071623,0,0,0.000286492,0
ASV363,0,0.004870362,0.000859476,0.001289214,0.001862197,0.001145968
ASV1854,0.001145968,0,0,0,0.001575705,0
ASV72,0,0.004297379,0.005156854,0.003724395,0.005873084,0
ASV2910,0,0,0,0,0,0.007305544
ASV25,0.010886692,0.009597479,0.01346512,0.010027217,0.009310987,0.004870362
ASV1404,0.003724395,0,0,0,0.00071623,0
ASV1392,0,0,0,0,0.002435181,0.002005443
ASV844,0,0,0,0.004870362,0.006875806,0
ASV1060,0,0,0,0.001002722,0,0
ASV842,0,0,0,0.0053001,0.002578427,0
ASV2309,0.001718951,0,0,0,0,0
ASV1841,0,0,0,0,0.002005443,0
ASV906,0,0,0,0.002005443,0,0
ASV1371,0.002291935,0.002435181,0,0,0.001575705,0
ASV960,0,0,0,0.001002722,0,0
ASV273,0,0,0.001289214,0.001145968,0.000572984,0.000429738
ASV3298,0,0,0,0,0,0.001145968
ASV1054,0,0,0,0.000429738,0,0.00071623
ASV1830,0,0,0,0,0.004583871,0
ASV1827,0.007162298,0,0,0,0.004297379,0
ASV3257,0,0,0,0,0,0.002721673
ASV2348,0.001145968,0,0,0,0,0
ASV4307,0,0.002435181,0,0,0,0
ASV2284,0.002578427,0,0,0,0,0
ASV350,0.002578427,0.00071623,0.000859476,0.002864919,0.000859476,0.000429738
ASV1452,0,0,0,0,0.002005443,0
ASV4623,0,0.001289214,0,0,0,0
ASV149,0.003151411,0.003437903,0.003294657,0.003724395,0,0.00071623
ASV4601,0,0.002721673,0,0,0,0
ASV59,0.01346512,0.00744879,0.00744879,0.017619252,0.005013608,0.007162298
ASV50,0.011173184,0.00673256,0.007592036,0.013178628,0.00744879,0.009740725
ASV1838,0,0,0,0,0.002148689,0
ASV4649,0,0.001002722,0,0,0,0
ASV201,0,0.00071623,0.002148689,0,0.000286492,0.002291935
ASV2351,0.001145968,0,0,0,0,0
ASV1928,0,0,0,0,0.001002722,0
ASV997,0,0,0,0.001145968,0,0
ASV1421,0,0.001002722,0,0,0,0
ASV523,0.001862197,0.000286492,0.000143246,0,0,0
ASV1711,0.002005443,0,0,0,0,0
ASV2550,0,0.002435181,0,0,0,0
ASV15,0,0,0.020197679,0,0,0
ASV276,0,0,0.001575705,0.001002722,0.000859476,0.001002722
ASV2259,0.008165019,0,0,0,0,0
ASV937,0,0.001002722,0,0.001289214,0,0.00071623
ASV1867,0,0.00071623,0,0,0.001002722,0.000859476
ASV253,0,0.001862197,0.001145968,0.001145968,0.002435181,0.001862197
ASV895,0,0,0,0.002005443,0,0
ASV2271,0.003867641,0.004297379,0,0,0,0.002435181
ASV361,0,0.001862197,0.000572984,0.000572984,0,0.001289214
ASV324,0,0,0.001145968,0,0,0
ASV405,0,0.000859476,0.000859476,0,0.000859476,0
ASV432,0,0,0.001002722,0,0,0
ASV342,0,0.000859476,0.001289214,0.001145968,0,0.00071623
ASV4666,0,0.001145968,0,0,0,0
ASV1075,0,0,0,0.001002722,0,0
ASV2301,0.001718951,0,0,0,0,0
ASV1369,0,0,0,0,0,0.004010887
ASV916,0.002721673,0,0,0.001718951,0,0
ASV37,0.003437903,0.010456955,0.008738003,0.007592036,0.008021773,0.003151411
ASV243,0,0.016903022,0.001289214,0,0.005013608,0.010456955
ASV280,0,0.002148689,0.000286492,0,0.001862197,0
ASV1842,0,0,0,0,0.002721673,0
ASV1881,0,0,0,0,0.001145968,0
ASV1883,0,0,0,0,0.001145968,0
ASV998,0,0,0,0.001145968,0,0
ASV441,0,0.000572984,0.000572984,0.001145968,0.002005443,0.001145968
ASV2266,0.004870362,0,0,0,0,0.001575705
ASV438,0.001289214,0.000429738,0.000859476,0,0.00071623,0.000859476
ASV1535,0,0.001575705,0,0,0.002148689,0
ASV1851,0,0,0,0,0.002148689,0
ASV32,0.012892136,0.010170463,0.011746168,0.008451511,0.020054433,0.006875806
ASV156,0.005873084,0.002291935,0.002435181,0.003437903,0.001718951,0.001718951
ASV111,0,0.004154133,0.003724395,0.003294657,0.002578427,0.000859476
ASV1073,0,0,0,0.001002722,0,0
ASV131,0.002435181,0.001002722,0.003581149,0.005156854,0.004583871,0.003151411
ASV238,0,0,0.002148689,0,0,0
ASV334,0,0,0.001002722,0,0,0
ASV336,0,0.001289214,0.00071623,0.000143246,0.002148689,0.000286492
ASV3689,0,0.002291935,0,0,0,0
ASV348,0.002005443,0,0.00071623,0.001145968,0,0.000572984
ASV1014,0,0.001575705,0,0.000859476,0.002291935,0.000572984
ASV236,0,0,0.002005443,0,0,0
ASV2283,0.002578427,0,0,0,0,0
ASV256,0.001289214,0,0.001718951,0,0.001289214,0
ASV36,0.01203266,0.007878527,0.010600201,0.012462398,0.009597479,0.003724395
ASV509,0,0,0.000429738,0.000572984,0.00071623,0.001002722
ASV403,0.002005443,0,0.000572984,0,0.000286492,0
ASV4597,0,0.003581149,0,0,0,0
ASV382,0,0,0.000859476,0.000572984,0,0.000429738
ASV1834,0,0,0,0,0.002721673,0
ASV1387,0,0,0,0,0,0.002148689
ASV2254,0.011029938,0,0,0,0,0.00071623
ASV212,0,0,0.002005443,0,0,0
ASV154,0.002291935,0.003724395,0.003008165,0.001575705,0.00143246,0.001718951
ASV1395,0.004154133,0,0,0,0.003581149,0
ASV1125,0,0,0,0.000859476,0,0.001145968
ASV884,0.004010887,0.002721673,0,0.001575705,0.003581149,0
ASV3261,0,0.001289214,0,0,0,0.001575705
ASV4656,0,0.001145968,0,0,0,0
ASV2347,0.001145968,0,0,0,0,0
ASV47,0.005443346,0,0.009597479,0,0,0.005586592
ASV970,0,0,0,0.00143246,0.000429738,0
ASV76,0.004583871,0.004154133,0.005013608,0.003008165,0.004297379,0.003008165
ASV999,0,0.000286492,0,0.00143246,0.003294657,0
ASV993,0,0,0,0.001002722,0,0
ASV220,0,0.003581149,0.002148689,0,0.00143246,0
ASV2343,0.001145968,0,0,0,0,0
ASV310,0,0.001718951,0.001145968,0,0.000429738,0.001575705
ASV329,0,0,0.00143246,0.001002722,0,0.00071623
ASV808,0,0,0.000143246,0.001002722,0,0
ASV1402,0,0,0,0,0.002148689,0
ASV3250,0,0.004297379,0,0,0,0.003437903
ASV911,0,0,0,0.001575705,0,0.000572984
ASV1367,0,0,0,0,0.002435181,0.002148689
ASV919,0,0,0,0.00143246,0,0
ASV2567,0,0,0,0,0,0.00143246
ASV977,0,0,0,0.001002722,0,0
ASV101,0.0053001,0.002864919,0.004440625,0.003151411,0.001862197,0.001002722
ASV133,0.008165019,0.043833262,0.002578427,0.004010887,0.008881249,0.027646469
ASV936,0.000859476,0.000286492,0,0.00143246,0,0.000429738
ASV3260,0,0,0,0,0,0.002148689
ASV281,0,0,0.001575705,0.003151411,0,0.000143246
ASV2282,0.002864919,0,0,0,0,0
ASV1410,0,0,0,0,0.001718951,0
ASV943,0,0,0,0.001575705,0,0
ASV1416,0,0,0,0,0.001718951,0
ASV226,0.004583871,0.00143246,0.002291935,0.00143246,0,0
ASV1840,0,0.002005443,0,0,0.001002722,0
ASV2352,0.001002722,0,0,0,0,0
ASV185,0,0,0.002291935,0,0,0
ASV110,0.003437903,0.008881249,0.002721673,0.00601633,0.007019052,0.002864919
ASV2297,0.002005443,0,0,0,0,0
ASV505,0,0.00143246,0.000572984,0.001862197,0.000572984,0.00071623
ASV3254,0,0.006159576,0,0,0,0.002578427
ASV2368,0.001002722,0,0,0,0,0
ASV2294,0.002435181,0,0,0,0,0
ASV1394,0.00071623,0.002864919,0,0,0.002005443,0.000286492
ASV372,0.000572984,0.000286492,0.000572984,0.000429738,0.000286492,0
ASV119,0.005873084,0.00143246,0.003437903,0.001862197,0.002578427,0.00071623
ASV859,0,0,0,0.003867641,0,0
ASV2350,0.001002722,0,0,0,0,0
ASV1863,0,0,0,0,0.001289214,0
ASV1718,0.001289214,0.000429738,0,0,0,0
ASV2608,0,0.002435181,0,0,0,0
ASV991,0,0,0,0.001289214,0,0
ASV731,0,0,0.000286492,0.00143246,0.000286492,0
ASV52,0.004583871,0.003724395,0.006446068,0.011029938,0.004440625,0.006589314
ASV593,0.001718951,0,0.000429738,0.001002722,0,0
ASV526,0,0,0.000429738,0.000572984,0.000859476,0.000286492
ASV173,0.001862197,0,0.002148689,0.0053001,0.002005443,0.004154133
ASV976,0,0,0,0.001575705,0,0
ASV2279,0.002864919,0.001289214,0,0,0,0
ASV4594,0,0.003581149,0,0,0,0
ASV584,0,0.00071623,0.000572984,0,0.000429738,0
ASV429,0,0,0.000286492,0,0.000859476,0
ASV452,0.00071623,0,0.000859476,0.000572984,0,0.001145968
ASV2930,0,0.002005443,0,0,0,0
ASV196,0,0.001145968,0.002291935,0.003724395,0.004010887,0
ASV416,0.001289214,0.000859476,0.000859476,0,0.000286492,0
ASV40,0.005156854,0.002721673,0.008594757,0.006159576,0.002578427,0.002148689
ASV1856,0.002578427,0,0,0,0.001718951,0
ASV474,0.000572984,0.000429738,0.000572984,0,0,0.000143246
ASV16,0.011459676,0.009024495,0.017905744,0.008738003,0.009454233,0.004154133
ASV2646,0,0.002005443,0,0,0,0
ASV292,0,0,0.001145968,0,0,0
ASV741,0,0,0,0.001002722,0,0
ASV2,0,0,0.099842429,0,0,0
ASV1044,0,0,0,0.001145968,0,0
ASV850,0,0,0,0.0053001,0.006302822,0
ASV1855,0,0,0,0,0.00143246,0
ASV880,0,0.003581149,0,0.002148689,0,0
ASV839,0,0,0,0.008451511,0,0
ASV1572,0,0.001002722,0,0,0,0
ASV4625,0,0.001002722,0,0,0,0
ASV2278,0.002864919,0,0,0,0,0
ASV1133,0,0.00071623,0,0.000429738,0,0
ASV2617,0,0.001002722,0,0,0,0
ASV437,0,0,0.00071623,0,0.000572984,0
s__VTX00444,0.013023415,0.003349855,0.005674244,0.000102547,0.091642454,0.079849598
s__VTX00435,6.84E-05,0,0.000102547,0,0.000717826,0.000581097
s__VTX00350,0,0.001640745,0,0,0,0.001367288
s__VTX00308,0.710271748,0.48220817,0.271235686,0.03260981,0.296701419,0.317176551
s__VTX00281,0.007041531,0.007930268,0.005229875,0.000170911,0.006221159,0.010425568
s__VTX00238,0.011895402,0.004785507,0.066655273,0.00109383,0.009263374,0.004853871
s__VTX00222,0,0,0,0.934575286,0,0
s__VTX00163,0.00030764,0.000649462,0,0,0.022731157,0
s__VTX00051,0.000239275,0.016133994,0,6.84E-05,0.001059648,0.146436507
s__VTX00009,0,0,0,0,0.000239275,0.024679542
s__VTX00005,0.256981713,0.48190053,0.651102376,0.031379251,0.571423688,0.411416852
s__VTX00004,0.000170911,0.00140147,0,0,0,0.002871304
BN1,0.04,0.14,0.06,0.1,0.09,0.03
BN2,0.3,0.18,0.38,0.36,0.31,0.41
BN3,0.14,0.16,0.14,0.16,0.15,0.13
BN4,0.04,0.06,0.06,0,0.03,0.04
BN5,0.28,0.36,0.2,0.28,0.33,0.27
BN6,0,0,0,0,0.02,0
BN7,0.04,0.08,0.06,0.06,0.02,0.05
BN8,0,0,0.08,0.04,0.02,0.03
BN9,0.08,0.02,0.02,0,0.01,0
BN10,0.04,0,0,0,0.02,0
BN11,0.04,0,0,0,0,0.04
FN1,0.05,0.07,0.06,0,0.04,0.05
FN2,0.13,0.11,0.12,0.16,0.15,0.11
FN3,0.48,0.46,0.58,0.26,0.33,0.4
FN4,0.12,0.08,0.12,0.2,0.19,0.14
FN5,0.17,0.16,0,0.3,0.26,0.24
FN6,0.05,0.12,0.12,0.08,0.03,0.06
